-- phpMyAdmin SQL Dump
-- version 4.8.5
-- https://www.phpmyadmin.net/
--
-- Host: 127.0.0.1
-- Generation Time: Apr 14, 2019 at 02:46 PM
-- Server version: 10.1.38-MariaDB
-- PHP Version: 7.3.3

SET SQL_MODE = "NO_AUTO_VALUE_ON_ZERO";
SET AUTOCOMMIT = 0;
START TRANSACTION;
SET time_zone = "+00:00";


/*!40101 SET @OLD_CHARACTER_SET_CLIENT=@@CHARACTER_SET_CLIENT */;
/*!40101 SET @OLD_CHARACTER_SET_RESULTS=@@CHARACTER_SET_RESULTS */;
/*!40101 SET @OLD_COLLATION_CONNECTION=@@COLLATION_CONNECTION */;
/*!40101 SET NAMES utf8mb4 */;

--
-- Database: `lazapi`
--

-- --------------------------------------------------------

--
-- Table structure for table `migrations`
--

CREATE TABLE `migrations` (
  `id` int(10) UNSIGNED NOT NULL,
  `migration` varchar(191) COLLATE utf8mb4_unicode_ci NOT NULL,
  `batch` int(11) NOT NULL
) ENGINE=InnoDB DEFAULT CHARSET=utf8mb4 COLLATE=utf8mb4_unicode_ci;

--
-- Dumping data for table `migrations`
--

INSERT INTO `migrations` (`id`, `migration`, `batch`) VALUES
(1, '2014_10_12_000000_create_users_table', 1),
(2, '2014_10_12_100000_create_password_resets_table', 1),
(3, '2019_04_12_103225_create_products_table', 1),
(4, '2019_04_12_104633_create_reviews_table', 1);

-- --------------------------------------------------------

--
-- Table structure for table `password_resets`
--

CREATE TABLE `password_resets` (
  `email` varchar(191) COLLATE utf8mb4_unicode_ci NOT NULL,
  `token` varchar(191) COLLATE utf8mb4_unicode_ci NOT NULL,
  `created_at` timestamp NULL DEFAULT NULL
) ENGINE=InnoDB DEFAULT CHARSET=utf8mb4 COLLATE=utf8mb4_unicode_ci;

-- --------------------------------------------------------

--
-- Table structure for table `products`
--

CREATE TABLE `products` (
  `id` int(10) UNSIGNED NOT NULL,
  `name` varchar(191) COLLATE utf8mb4_unicode_ci NOT NULL,
  `detail` text COLLATE utf8mb4_unicode_ci NOT NULL,
  `price` int(11) NOT NULL,
  `stock` int(11) NOT NULL,
  `discount` int(11) NOT NULL,
  `created_at` timestamp NULL DEFAULT NULL,
  `updated_at` timestamp NULL DEFAULT NULL
) ENGINE=InnoDB DEFAULT CHARSET=utf8mb4 COLLATE=utf8mb4_unicode_ci;

--
-- Dumping data for table `products`
--

INSERT INTO `products` (`id`, `name`, `detail`, `price`, `stock`, `discount`, `created_at`, `updated_at`) VALUES
(1, 'et', 'Eveniet vero consectetur rem reiciendis. Harum qui vel a tempora veritatis ut quae.', 552, 2, 2, '2019-04-14 09:58:02', '2019-04-14 09:58:02'),
(2, 'dolorem', 'Voluptatem neque quisquam expedita a quisquam neque velit. Repellendus beatae laboriosam fugit dolor odit beatae labore. At quam excepturi et porro a doloribus quam.', 601, 7, 3, '2019-04-14 09:58:02', '2019-04-14 09:58:02'),
(3, 'expedita', 'Itaque assumenda aut temporibus ab. Odit et modi consequuntur neque ipsa culpa. Perspiciatis provident consectetur repudiandae sed vero. Enim perferendis a ab expedita optio maxime.', 277, 8, 17, '2019-04-14 09:58:02', '2019-04-14 09:58:02'),
(4, 'ipsum', 'Dolorem quisquam dicta maiores non necessitatibus ut qui incidunt. Quaerat vel qui dolor aliquid eum. Beatae enim vel placeat a sint.', 536, 5, 27, '2019-04-14 09:58:03', '2019-04-14 09:58:03'),
(5, 'pariatur', 'Facere reprehenderit totam eum reiciendis. Est nostrum nisi voluptas. Voluptatum voluptatem aliquid vel est. Corrupti reprehenderit voluptatem eum molestias nemo non expedita. Error est voluptas deserunt maiores accusamus.', 807, 4, 24, '2019-04-14 09:58:03', '2019-04-14 09:58:03'),
(6, 'ipsa', 'Eaque culpa error ut enim omnis. Perferendis harum ex eum possimus officia. Facilis sed consectetur quae molestiae non. Maxime quaerat harum quasi nulla.', 625, 9, 4, '2019-04-14 09:58:03', '2019-04-14 09:58:03'),
(7, 'id', 'Aut accusantium voluptatibus aperiam quisquam fugit. Quasi dolores porro molestias omnis nam enim itaque. Sit beatae quibusdam molestias quia. Nisi veniam voluptatem perferendis asperiores repellendus.', 987, 9, 20, '2019-04-14 09:58:03', '2019-04-14 09:58:03'),
(8, 'id', 'Quis quis hic voluptates dolores ipsum nostrum atque. Et quas quo velit quia deleniti. Dicta consequatur possimus omnis expedita. Porro accusantium doloribus doloribus qui fugit aspernatur et asperiores.', 224, 8, 20, '2019-04-14 09:58:03', '2019-04-14 09:58:03'),
(9, 'sunt', 'In a et quia ipsa et modi. Atque aut unde est voluptatem rerum tempora quae. Quasi sint repellendus ut ratione. Itaque quidem atque rerum accusantium.', 260, 3, 4, '2019-04-14 09:58:03', '2019-04-14 09:58:03'),
(10, 'eaque', 'Qui illo repellendus corrupti. Ut repudiandae sed voluptas voluptatem quidem earum ab. Ut dolores sit hic. Quia omnis incidunt consequuntur et itaque.', 760, 1, 4, '2019-04-14 09:58:03', '2019-04-14 09:58:03'),
(11, 'consequatur', 'Laboriosam et odio quia et deleniti error. Saepe rerum earum voluptatem. Culpa dolor accusantium voluptas corporis. Asperiores eum et et animi qui hic.', 674, 9, 2, '2019-04-14 09:58:03', '2019-04-14 09:58:03'),
(12, 'excepturi', 'Iure aperiam nobis molestias non aut. Veniam itaque qui accusantium perferendis. Id aspernatur corrupti incidunt vitae veritatis nihil autem.', 471, 0, 21, '2019-04-14 09:58:03', '2019-04-14 09:58:03'),
(13, 'non', 'Architecto dolorem aspernatur aut. Non doloremque ut debitis et illum totam. Consequatur fugiat suscipit minima quod consequatur sunt.', 371, 1, 7, '2019-04-14 09:58:03', '2019-04-14 09:58:03'),
(14, 'aut', 'Mollitia quas neque ut expedita et officiis. Rem neque ut assumenda similique eveniet at reprehenderit. Voluptas aliquid quis reprehenderit temporibus blanditiis consequuntur nihil. Perspiciatis facere animi quidem accusamus optio autem eum.', 597, 8, 9, '2019-04-14 09:58:03', '2019-04-14 09:58:03'),
(15, 'consectetur', 'Error blanditiis id quis et quis. Quae temporibus et exercitationem quae incidunt ea dolorum. Sit eos qui voluptate consequuntur mollitia voluptatem. Quo labore laborum ea ipsa.', 310, 2, 17, '2019-04-14 09:58:04', '2019-04-14 09:58:04'),
(16, 'voluptatem', 'Laborum voluptatum quae sint dolores quas. Voluptatem temporibus exercitationem quos deleniti nihil necessitatibus. Molestiae ipsum placeat vitae maxime iusto modi.', 173, 6, 14, '2019-04-14 09:58:04', '2019-04-14 09:58:04'),
(17, 'ratione', 'Rerum voluptas provident quos autem. Exercitationem est dolorum assumenda tempora et. Inventore consectetur illo sit dolores.', 142, 8, 28, '2019-04-14 09:58:04', '2019-04-14 09:58:04'),
(18, 'tempore', 'Minima dolorem expedita quia perferendis. Reiciendis qui ea odio ab eaque. Ipsam aut vitae voluptatem rerum neque debitis similique.', 449, 2, 27, '2019-04-14 09:58:04', '2019-04-14 09:58:04'),
(19, 'beatae', 'Rerum doloribus soluta earum aperiam. Quasi laborum quia quisquam atque nihil.', 894, 2, 2, '2019-04-14 09:58:04', '2019-04-14 09:58:04'),
(20, 'magnam', 'At delectus error ex officiis. Sint ducimus laborum quidem ut. Et aut vel ut tempore dolores et. Quas perferendis qui minus consectetur qui ex aut.', 765, 7, 25, '2019-04-14 09:58:04', '2019-04-14 09:58:04'),
(21, 'in', 'Ad omnis consequuntur placeat et consequatur officiis. Ut aut atque vel soluta corporis. Corrupti non omnis excepturi magni.', 762, 5, 21, '2019-04-14 09:58:04', '2019-04-14 09:58:04'),
(22, 'corporis', 'Iste quo quaerat commodi odio ab. Eligendi doloremque labore ab nihil. Quas eaque sit id dolor et et. Corrupti officia fugiat et animi illum sunt. Porro sint vero deserunt laboriosam quia quod dolor quia.', 547, 1, 16, '2019-04-14 09:58:04', '2019-04-14 09:58:04'),
(23, 'sed', 'Voluptate ut eos in. Dolor vero soluta fugiat iste sunt sed at. Delectus ab quia eum reiciendis. Voluptatibus eum dolorem est sint qui veniam deserunt.', 321, 5, 9, '2019-04-14 09:58:04', '2019-04-14 09:58:04'),
(24, 'sunt', 'Nostrum eos ab ut. Et eum quae ut. Illum animi porro expedita maiores earum. Consequuntur ut fugit at consequatur.', 120, 5, 6, '2019-04-14 09:58:04', '2019-04-14 09:58:04'),
(25, 'voluptate', 'Quis totam tenetur molestiae sed eum assumenda nesciunt. Nisi odio quia consequuntur omnis ut nam. Perferendis enim culpa et aliquam repellat animi.', 799, 2, 16, '2019-04-14 09:58:04', '2019-04-14 09:58:04'),
(26, 'distinctio', 'Temporibus ipsa consequuntur minus autem quisquam illo et officia. Dolorem aliquam fugiat fugit itaque magnam sit. Pariatur molestiae et vel consequatur voluptatum. Est nobis sunt eum ut blanditiis cumque vel voluptas.', 418, 2, 16, '2019-04-14 09:58:04', '2019-04-14 09:58:04'),
(27, 'recusandae', 'Sapiente impedit qui consectetur illum consequatur earum. Labore corporis sapiente incidunt laboriosam quasi nulla eligendi. Aperiam est vero aut quia velit perspiciatis.', 726, 4, 22, '2019-04-14 09:58:04', '2019-04-14 09:58:04'),
(28, 'asperiores', 'Vero qui labore accusantium veniam quibusdam nemo. Facilis inventore nesciunt eum iure incidunt laudantium. Voluptates omnis omnis illum consectetur.', 489, 3, 9, '2019-04-14 09:58:05', '2019-04-14 09:58:05'),
(29, 'doloribus', 'Consequuntur veritatis adipisci corporis qui rerum inventore. Molestiae distinctio sequi id veniam dolorem expedita sit itaque. Maxime ullam quod consequuntur ratione et.', 268, 7, 3, '2019-04-14 09:58:05', '2019-04-14 09:58:05'),
(30, 'excepturi', 'Non quasi saepe facilis ullam. Sint quia omnis quos expedita. Quidem occaecati qui veniam dignissimos qui quia in.', 576, 0, 28, '2019-04-14 09:58:05', '2019-04-14 09:58:05'),
(31, 'nobis', 'Expedita id eligendi magni quos voluptas fugiat harum totam. Quia quae rerum cupiditate distinctio qui id.', 875, 2, 16, '2019-04-14 09:58:05', '2019-04-14 09:58:05'),
(32, 'aperiam', 'Non ut magnam doloribus numquam adipisci ut. Hic est aut aut voluptatem. Molestias voluptatem cum omnis et quisquam sint natus sunt. Rerum nihil beatae enim est.', 729, 3, 19, '2019-04-14 09:58:05', '2019-04-14 09:58:05'),
(33, 'vel', 'Tempore nesciunt fugit et perspiciatis nobis. Inventore sit ab cum perferendis architecto. Consequatur et quidem excepturi laboriosam rerum non non reiciendis. Architecto deleniti minus fuga consequatur quam ut maxime. Eum ullam natus ut non error officiis.', 461, 3, 25, '2019-04-14 09:58:05', '2019-04-14 09:58:05'),
(34, 'consequatur', 'Debitis animi necessitatibus est et ut. Autem quia porro et sit. Molestiae excepturi distinctio vitae omnis temporibus eveniet pariatur. Natus nesciunt ex ut ut veritatis et.', 878, 9, 24, '2019-04-14 09:58:05', '2019-04-14 09:58:05'),
(35, 'sunt', 'Officiis eos ipsa occaecati quo nostrum facilis perspiciatis. Esse commodi ut praesentium officiis neque. Et sunt id quia consequatur necessitatibus.', 208, 6, 21, '2019-04-14 09:58:05', '2019-04-14 09:58:05'),
(36, 'ex', 'Quas quibusdam qui voluptatum est doloribus accusantium numquam. Quos natus nihil velit modi corporis. Rem earum fugiat voluptatibus eligendi quas non et.', 691, 2, 9, '2019-04-14 09:58:05', '2019-04-14 09:58:05'),
(37, 'ad', 'Delectus delectus itaque dolorem. Quod expedita dolores harum ducimus velit ea hic. Iste et voluptas ratione non qui ipsa. Tenetur temporibus distinctio et impedit non ad quaerat.', 130, 2, 29, '2019-04-14 09:58:05', '2019-04-14 09:58:05'),
(38, 'maxime', 'Dolores eius officia repudiandae illo. Quidem nobis neque alias ut sunt beatae a. Neque ducimus et dicta quos aliquam delectus.', 157, 8, 21, '2019-04-14 09:58:05', '2019-04-14 09:58:05'),
(39, 'cum', 'Quia enim earum blanditiis quae totam dolorum. Saepe aut sed ad. Et neque quia dolor quod nam sed. Perferendis labore nam excepturi expedita culpa aut modi magnam.', 250, 7, 7, '2019-04-14 09:58:05', '2019-04-14 09:58:05'),
(40, 'assumenda', 'Repudiandae aut nam est illum nisi. Nulla fugiat ratione nobis corrupti. Error est ut blanditiis eum blanditiis quos commodi. Vel ut incidunt eum eos et.', 113, 7, 20, '2019-04-14 09:58:05', '2019-04-14 09:58:05'),
(41, 'consequuntur', 'Quis ut officiis id sequi quam laboriosam nisi. Exercitationem reprehenderit et quo a. Totam aut veritatis a neque hic illo.', 306, 2, 16, '2019-04-14 09:58:05', '2019-04-14 09:58:05'),
(42, 'vitae', 'Voluptas est sed repellat aspernatur deserunt. Sint distinctio asperiores vero impedit.', 536, 3, 25, '2019-04-14 09:58:06', '2019-04-14 09:58:06'),
(43, 'cupiditate', 'Est et odio minima ut. Enim quibusdam ullam et hic non qui laboriosam porro. Mollitia temporibus ipsa unde sequi et sit reiciendis ab. Voluptates doloribus ea officia possimus sit doloribus quod. Cum sit consequatur esse provident nostrum deleniti magni.', 779, 2, 28, '2019-04-14 09:58:06', '2019-04-14 09:58:06'),
(44, 'doloribus', 'Accusantium laudantium earum aut alias voluptas tempora. Nesciunt ea assumenda rem at quia est. Est labore molestiae est aut unde.', 541, 9, 15, '2019-04-14 09:58:06', '2019-04-14 09:58:06'),
(45, 'et', 'Doloribus magnam quod non quae. Laboriosam repellat aliquid hic enim soluta veritatis. Iusto error recusandae voluptatem adipisci inventore sed nostrum. Quam provident velit eius perferendis aut iure.', 983, 5, 14, '2019-04-14 09:58:06', '2019-04-14 09:58:06'),
(46, 'numquam', 'Ut ut culpa et quos aperiam tenetur possimus. In culpa quo libero. Laudantium aliquam ipsa mollitia est animi tempora voluptates. Nihil quibusdam est et rerum molestias saepe.', 353, 4, 30, '2019-04-14 09:58:06', '2019-04-14 09:58:06'),
(47, 'officia', 'Maiores magnam culpa reiciendis aut et perferendis voluptatem. Rerum ea voluptas est aut. Cum aliquid aut eos accusamus aut.', 896, 8, 24, '2019-04-14 09:58:06', '2019-04-14 09:58:06'),
(48, 'voluptatem', 'Velit repudiandae omnis sed nisi consequatur. Aliquam sed magni aspernatur repellendus dolores. Corporis iste consequatur harum qui.', 383, 7, 6, '2019-04-14 09:58:06', '2019-04-14 09:58:06'),
(49, 'est', 'Illum veritatis ipsa est rem ut eaque accusantium. Rerum ut placeat sint voluptatem vero itaque.', 194, 8, 19, '2019-04-14 09:58:06', '2019-04-14 09:58:06'),
(50, 'id', 'Quod quo ab consectetur eius vero. Earum beatae at voluptatum tempore et numquam et. Ipsa et unde expedita consequuntur. Repellendus voluptatum in dolor temporibus.', 172, 6, 8, '2019-04-14 09:58:06', '2019-04-14 09:58:06'),
(51, 'nisi', 'Accusamus qui illum omnis id deserunt neque quisquam. Molestias harum impedit nesciunt cum. Nemo cumque minus neque eum sapiente. Nihil similique debitis sint quia.', 863, 8, 16, '2019-04-14 10:06:24', '2019-04-14 10:06:24'),
(52, 'praesentium', 'Sint tenetur eaque consequatur animi et temporibus. Et voluptates et et. Ut rerum magni magni ipsum. Architecto sed aspernatur quia sunt doloremque reiciendis.', 581, 4, 27, '2019-04-14 10:06:24', '2019-04-14 10:06:24'),
(53, 'enim', 'Enim consequatur eius dolor sit blanditiis quaerat dolorem. Natus velit qui occaecati quod eum repellat voluptas. Cupiditate corrupti ut ab non quaerat aut vel. Consequatur ut cumque et sapiente.', 516, 4, 26, '2019-04-14 10:06:25', '2019-04-14 10:06:25'),
(54, 'optio', 'Dolor cum nostrum fugiat voluptatem. Quo quo rerum qui rerum et quia. Vitae ut nemo autem ea deleniti enim eum.', 751, 1, 21, '2019-04-14 10:06:25', '2019-04-14 10:06:25'),
(55, 'et', 'Excepturi qui temporibus vel delectus perspiciatis quidem. Et deleniti voluptate nisi corrupti consectetur atque. Velit sunt nobis laudantium non qui expedita. Earum at vel ea eos aut.', 633, 0, 26, '2019-04-14 10:06:25', '2019-04-14 10:06:25'),
(56, 'aspernatur', 'Quisquam expedita dolorem sunt eligendi et omnis. Aut harum earum necessitatibus reiciendis quia consequatur. Aliquid minus voluptas deleniti et sint autem. Numquam provident nobis ea praesentium quidem eligendi.', 392, 8, 15, '2019-04-14 10:06:25', '2019-04-14 10:06:25'),
(57, 'et', 'Ipsa est ratione et amet eos iusto quod. Tenetur eum a in minus sit. Labore incidunt aliquam nihil ea et.', 962, 2, 2, '2019-04-14 10:06:25', '2019-04-14 10:06:25'),
(58, 'possimus', 'Aut quis impedit accusamus iusto. Autem error placeat omnis non corrupti. Explicabo quisquam voluptate quos laborum repellat sequi doloribus quibusdam. Sit corporis repellat et voluptatem eveniet qui.', 931, 6, 27, '2019-04-14 10:06:25', '2019-04-14 10:06:25'),
(59, 'exercitationem', 'Minus ab eligendi quae eius quibusdam. Officiis debitis cum molestiae rerum ea ullam. Molestias nisi dolorum rerum in consequatur.', 670, 0, 25, '2019-04-14 10:06:25', '2019-04-14 10:06:25'),
(60, 'quo', 'Iste voluptatem sint voluptas architecto. Quia omnis et magni earum culpa provident laboriosam. Maiores excepturi nobis suscipit eos aspernatur aut odio expedita.', 185, 8, 11, '2019-04-14 10:06:25', '2019-04-14 10:06:25'),
(61, 'quas', 'Aut hic quo aut ab a eum. Mollitia id totam quo odio. Et soluta id corporis voluptatem.', 356, 1, 19, '2019-04-14 10:06:25', '2019-04-14 10:06:25'),
(62, 'repellendus', 'Voluptate quibusdam architecto est sed sed numquam. Ipsum vero aut accusamus consequatur non eum. Delectus iure consequuntur voluptatem sequi ut dolor. At odio aut facilis dolor. Sit porro perspiciatis corrupti enim.', 496, 9, 10, '2019-04-14 10:06:25', '2019-04-14 10:06:25'),
(63, 'provident', 'Corporis expedita ut ipsa sed labore. Velit omnis eligendi placeat recusandae. Fuga repellendus iste itaque reprehenderit sit omnis laboriosam a. Id ut aut sit molestiae ex. Et cumque deleniti dolore est vel.', 214, 4, 4, '2019-04-14 10:06:25', '2019-04-14 10:06:25'),
(64, 'officiis', 'Sed quaerat hic sed qui animi commodi voluptates. Excepturi voluptatem non omnis sit sapiente. Quia praesentium quasi dolorem qui. Incidunt officiis quaerat nulla maxime eos pariatur eos.', 779, 0, 24, '2019-04-14 10:06:25', '2019-04-14 10:06:25'),
(65, 'sunt', 'Deserunt labore incidunt qui delectus ea animi. Dolor quas accusamus et debitis veritatis. Vel ea placeat dicta eum sed quo earum.', 181, 4, 18, '2019-04-14 10:06:25', '2019-04-14 10:06:25'),
(66, 'commodi', 'Repellendus sit est velit. Commodi cum architecto possimus. Odit pariatur rerum et vitae.', 577, 8, 20, '2019-04-14 10:06:26', '2019-04-14 10:06:26'),
(67, 'exercitationem', 'Dolores dolorem in ex. Dolor totam asperiores facilis est ipsum. Qui voluptas qui eveniet eum id sed quo error. Consequuntur ut et deserunt deserunt asperiores nihil voluptate sit. Facere aut expedita provident facere illo eligendi dolor sunt.', 587, 9, 13, '2019-04-14 10:06:26', '2019-04-14 10:06:26'),
(68, 'eius', 'Eligendi autem quo reprehenderit voluptatem deleniti. Aut voluptate neque sapiente quis vero cumque voluptatum. Eum rem placeat mollitia ut unde sit tenetur.', 294, 4, 18, '2019-04-14 10:06:26', '2019-04-14 10:06:26'),
(69, 'vero', 'Consequatur sit nobis doloremque. Quia non dolores necessitatibus molestiae molestiae. Sunt aut molestiae et aut.', 702, 3, 3, '2019-04-14 10:06:26', '2019-04-14 10:06:26'),
(70, 'molestiae', 'Fuga est voluptatem excepturi mollitia. Vero quia quae dignissimos voluptate eos eos. Consequuntur provident eveniet officia et et. Ut placeat sit ratione voluptatum.', 722, 8, 4, '2019-04-14 10:06:26', '2019-04-14 10:06:26'),
(71, 'doloribus', 'Quo et quo consequuntur qui id sunt. Quasi est sed ut repellat. Accusantium reprehenderit ullam saepe ea molestias consequatur.', 951, 3, 4, '2019-04-14 10:06:26', '2019-04-14 10:06:26'),
(72, 'eligendi', 'Distinctio praesentium quam voluptatem cupiditate ea consequatur sit. Explicabo voluptas quo adipisci deleniti corporis quidem. Dignissimos quod vel eos omnis.', 536, 5, 7, '2019-04-14 10:06:26', '2019-04-14 10:06:26'),
(73, 'enim', 'Eum alias assumenda sit. Alias voluptatum voluptatem quia enim eius. Fugiat minus sit sed nostrum nesciunt dolore totam necessitatibus. Et optio aut fuga sint eos et.', 577, 5, 25, '2019-04-14 10:06:26', '2019-04-14 10:06:26'),
(74, 'odio', 'Nulla ipsa maxime consequuntur repellendus. Sapiente labore dolores velit ratione alias qui magni ad. Magnam ea aliquam repellat repudiandae cumque consequatur fuga nihil. At esse vel nemo et unde ex.', 629, 9, 22, '2019-04-14 10:06:26', '2019-04-14 10:06:26'),
(75, 'nihil', 'Explicabo molestiae eligendi dolore aperiam rerum. Assumenda qui qui laborum debitis eos deserunt libero eos. Ea nihil odio quia ut voluptatibus.', 707, 7, 18, '2019-04-14 10:06:26', '2019-04-14 10:06:26'),
(76, 'aut', 'Similique enim possimus temporibus iure iusto voluptatibus adipisci similique. Non minima doloremque aut autem distinctio sint ad natus. Tempore repudiandae voluptas omnis sit. Ut consequatur reiciendis repellendus adipisci sit sit qui.', 575, 8, 13, '2019-04-14 10:06:26', '2019-04-14 10:06:26'),
(77, 'eum', 'Qui ut cum est laudantium rerum. Eaque quibusdam distinctio sed sit. Aut est nulla dicta fugit debitis.', 756, 0, 9, '2019-04-14 10:06:26', '2019-04-14 10:06:26'),
(78, 'qui', 'Consectetur doloremque repellat omnis aut modi praesentium. Cumque in sunt incidunt mollitia in voluptate et. Aliquam consectetur rerum exercitationem minus numquam magni accusantium hic.', 288, 9, 22, '2019-04-14 10:06:26', '2019-04-14 10:06:26'),
(79, 'vel', 'Molestiae nemo totam id eligendi eum. Consequatur pariatur dicta sit qui. Dolores earum ipsa dicta eaque molestiae necessitatibus vel. Asperiores nobis consequatur et recusandae ut cupiditate fuga. Pariatur vitae et aspernatur.', 612, 2, 27, '2019-04-14 10:06:27', '2019-04-14 10:06:27'),
(80, 'id', 'Odio soluta maiores soluta hic. Non mollitia doloribus reiciendis quo eius suscipit quis. Voluptatem ratione voluptatum ut. Et adipisci nihil et repellendus. Porro autem reiciendis unde provident.', 504, 0, 29, '2019-04-14 10:06:27', '2019-04-14 10:06:27'),
(81, 'aut', 'Autem maxime eum et. Tempore similique vitae vel cum enim. Provident minus officiis qui assumenda possimus ea repudiandae.', 296, 6, 2, '2019-04-14 10:06:27', '2019-04-14 10:06:27'),
(82, 'quas', 'Iure dolores velit repellendus quia voluptatum voluptas. Placeat distinctio voluptatem quidem eveniet. Dolorem accusamus quis commodi accusamus.', 437, 1, 14, '2019-04-14 10:06:27', '2019-04-14 10:06:27'),
(83, 'quis', 'Laboriosam eos sit laudantium nihil nihil. Consectetur non id accusantium ut mollitia dolor non labore. Molestias beatae commodi atque alias. Suscipit suscipit quia error officia et ut.', 804, 3, 8, '2019-04-14 10:06:27', '2019-04-14 10:06:27'),
(84, 'tenetur', 'Aspernatur odit sit excepturi non quis. Culpa illum voluptas voluptates quas reprehenderit. Ut non dolores vel aut omnis. Ab tenetur ea aut explicabo libero maiores voluptatem.', 917, 2, 5, '2019-04-14 10:06:27', '2019-04-14 10:06:27'),
(85, 'eius', 'Nisi facere esse aut dicta. Eum sunt id omnis dicta laboriosam fuga officiis. Voluptatem quas sunt voluptatem maxime explicabo. Perferendis sequi nulla commodi voluptatem.', 148, 0, 19, '2019-04-14 10:06:27', '2019-04-14 10:06:27'),
(86, 'earum', 'Cumque ratione amet vitae mollitia ipsam. Magni aliquam non non sint. Eveniet non voluptatibus aliquam aliquid autem.', 824, 4, 28, '2019-04-14 10:06:27', '2019-04-14 10:06:27'),
(87, 'optio', 'Repellat aut sapiente omnis deserunt sint et. Qui rerum natus ut repellat magni perspiciatis laboriosam. Officia vitae amet molestiae aut facere. Aut ratione necessitatibus sit maxime.', 265, 9, 8, '2019-04-14 10:06:27', '2019-04-14 10:06:27'),
(88, 'eaque', 'Et excepturi sapiente consequatur provident consequuntur et. Aut dignissimos nihil ad et ut ut. Nesciunt iure earum et iusto. Necessitatibus officiis ducimus est quaerat saepe ipsam consequatur.', 239, 8, 28, '2019-04-14 10:06:27', '2019-04-14 10:06:27'),
(89, 'et', 'Molestiae provident eum enim accusantium esse necessitatibus iusto. Nemo neque dolorem non voluptate mollitia aut sit.', 753, 8, 21, '2019-04-14 10:06:27', '2019-04-14 10:06:27'),
(90, 'hic', 'Voluptatem quis necessitatibus eius aliquam. Quos atque quas aut nam eos assumenda eaque. Eius aut illum placeat sint.', 214, 9, 24, '2019-04-14 10:06:27', '2019-04-14 10:06:27'),
(91, 'quia', 'Aperiam architecto velit earum. Repudiandae qui repellendus qui provident odit quia. Qui qui rem consequatur reprehenderit illo.', 766, 8, 11, '2019-04-14 10:06:27', '2019-04-14 10:06:27'),
(92, 'veniam', 'Omnis consequatur quasi ut ex ea eos. Officiis magnam id odio voluptate est sequi. Voluptate similique qui est.', 295, 5, 15, '2019-04-14 10:06:28', '2019-04-14 10:06:28'),
(93, 'ut', 'Reiciendis ex non facere accusamus. Alias ut est quaerat nihil consequatur velit.', 840, 6, 29, '2019-04-14 10:06:28', '2019-04-14 10:06:28'),
(94, 'omnis', 'Dolore veritatis recusandae qui rerum qui. Ex et quia aut ea culpa id. Ducimus voluptas ea quisquam eveniet est. Quis itaque eos maxime tenetur id. Totam maiores nisi et officia minima.', 328, 9, 5, '2019-04-14 10:06:28', '2019-04-14 10:06:28'),
(95, 'qui', 'Provident ut eos nihil necessitatibus vero molestias. Eligendi est quos dolores quod sit consectetur. Autem ab soluta aliquam.', 426, 8, 24, '2019-04-14 10:06:28', '2019-04-14 10:06:28'),
(96, 'pariatur', 'Qui aspernatur molestiae assumenda omnis sint vero voluptatum et. Quis corporis sed a quae molestiae nesciunt inventore. Omnis ipsam quibusdam rerum eos et provident odit sint. Est cum mollitia quia nulla occaecati ullam saepe.', 499, 3, 2, '2019-04-14 10:06:28', '2019-04-14 10:06:28'),
(97, 'consequatur', 'Totam est quis incidunt quisquam reprehenderit. Est quam architecto eos in dolor explicabo beatae. Sit omnis dolore excepturi rem id. Veniam reprehenderit ad officia maxime vitae vitae officia.', 345, 3, 30, '2019-04-14 10:06:28', '2019-04-14 10:06:28'),
(98, 'dolorem', 'Explicabo voluptate exercitationem eveniet et quas ipsa. Non in accusantium eos ipsa. Laudantium velit adipisci quia. Et et voluptatibus quis asperiores beatae et iure.', 804, 4, 27, '2019-04-14 10:06:28', '2019-04-14 10:06:28'),
(99, 'sed', 'Sit mollitia consequatur voluptas. Quo nobis dicta fuga natus mollitia. Autem nesciunt modi perspiciatis dignissimos sint officiis omnis animi.', 272, 4, 27, '2019-04-14 10:06:28', '2019-04-14 10:06:28'),
(100, 'et', 'Animi est magnam enim dignissimos atque similique vero. Sunt unde doloremque sed possimus qui. Odio id illo qui ex. Tempore voluptas dicta veritatis et dolorem enim saepe.', 708, 0, 18, '2019-04-14 10:06:28', '2019-04-14 10:06:28'),
(101, 'in', 'Doloremque sunt excepturi quos aut eius ipsum. Aut cum eveniet non voluptatem quo. Quasi est tenetur sint ea et possimus vel quo.', 380, 3, 2, '2019-04-14 10:08:07', '2019-04-14 10:08:07'),
(102, 'optio', 'Nihil sed saepe et enim possimus est. Temporibus voluptatem harum maxime dolorem animi. Aut nihil at ducimus tenetur aut iste iure.', 858, 4, 14, '2019-04-14 10:08:07', '2019-04-14 10:08:07'),
(103, 'et', 'Nulla officiis perferendis soluta totam dicta perferendis totam et. Est vel reprehenderit voluptas soluta sit harum nulla. In at quod nam eum molestiae in dolores eos.', 734, 5, 4, '2019-04-14 10:08:07', '2019-04-14 10:08:07'),
(104, 'omnis', 'Voluptas aperiam rem reprehenderit nostrum. Iste et explicabo et consectetur sit. Voluptatem enim laboriosam est corporis quae omnis aut culpa.', 537, 3, 9, '2019-04-14 10:08:08', '2019-04-14 10:08:08'),
(105, 'id', 'Harum impedit beatae voluptate quia culpa eius. Voluptatem iure neque rerum animi eligendi. Aliquam id et corrupti omnis.', 806, 9, 21, '2019-04-14 10:08:08', '2019-04-14 10:08:08'),
(106, 'iusto', 'Porro aut id rerum laudantium rem asperiores. Nulla expedita tempore ducimus et impedit quia cum. Et culpa est et omnis. Qui voluptates sed eos ipsum ad nisi fuga.', 147, 2, 10, '2019-04-14 10:08:08', '2019-04-14 10:08:08'),
(107, 'qui', 'Facere et modi voluptas nostrum neque et autem excepturi. Quo autem praesentium nulla consequuntur quibusdam. Aut non aut vero atque debitis. Illum cum tenetur qui magni voluptatem reprehenderit et.', 434, 3, 22, '2019-04-14 10:08:08', '2019-04-14 10:08:08'),
(108, 'maiores', 'Ratione quibusdam est exercitationem reiciendis ex mollitia harum. In rerum eveniet esse placeat. In incidunt enim quae modi. Dolores in temporibus fugiat sunt magnam.', 486, 2, 21, '2019-04-14 10:08:08', '2019-04-14 10:08:08'),
(109, 'doloremque', 'In quis sint amet laudantium. Odio exercitationem occaecati qui quia. Maiores numquam ab nemo ab.', 598, 1, 18, '2019-04-14 10:08:08', '2019-04-14 10:08:08'),
(110, 'consequatur', 'Voluptas architecto vitae laboriosam. Eaque sint laboriosam iusto voluptas. Aut magni recusandae quia est. Ipsum labore deleniti laboriosam aut ut.', 469, 3, 9, '2019-04-14 10:08:08', '2019-04-14 10:08:08'),
(111, 'dolore', 'Doloremque incidunt voluptatum aliquid blanditiis. A fugit et iusto molestiae. Autem aut consequatur est nemo harum eum aut.', 714, 1, 28, '2019-04-14 10:08:08', '2019-04-14 10:08:08'),
(112, 'unde', 'Omnis voluptatum asperiores quis voluptatem ut quas ex. Assumenda ut accusantium aut quo recusandae repudiandae qui. Est numquam libero rerum porro sequi.', 712, 9, 21, '2019-04-14 10:08:08', '2019-04-14 10:08:08'),
(113, 'consequatur', 'Eligendi omnis labore minus consequatur natus ea. Quaerat officiis qui praesentium quibusdam eum ducimus ea. Consequatur sunt numquam quibusdam quaerat dolor. Qui delectus voluptatem officia consequatur odit.', 743, 9, 9, '2019-04-14 10:08:08', '2019-04-14 10:08:08'),
(114, 'neque', 'Quo distinctio dolorem et id consectetur vel. Nihil dolore praesentium et amet rerum explicabo. Voluptas eius cumque aut odit illo quis. Iusto explicabo soluta non qui et consequatur.', 246, 6, 15, '2019-04-14 10:08:08', '2019-04-14 10:08:08'),
(115, 'natus', 'Temporibus repellat id harum eos quis voluptas. Quo aspernatur eius et unde. Rerum sed rerum est vero.', 945, 5, 23, '2019-04-14 10:08:08', '2019-04-14 10:08:08'),
(116, 'labore', 'Quaerat doloremque vel veniam sed eum dolor et et. Voluptatem cupiditate autem explicabo aut. Quia commodi omnis eligendi ut. Labore quidem dicta accusantium eligendi sequi libero.', 329, 8, 23, '2019-04-14 10:08:08', '2019-04-14 10:08:08'),
(117, 'dolores', 'Esse aut cum amet voluptas aliquam qui voluptatem quo. Debitis a omnis voluptate necessitatibus est velit at. Error eaque est itaque ut voluptatem molestiae nihil. Totam in et earum quos eaque.', 658, 3, 23, '2019-04-14 10:08:09', '2019-04-14 10:08:09'),
(118, 'ut', 'Quidem omnis reiciendis vel. Laborum et sint et dolor sit consequatur ipsa. Nihil cumque consectetur voluptas et aut. Quam recusandae est quis pariatur minus atque.', 259, 7, 13, '2019-04-14 10:08:09', '2019-04-14 10:08:09'),
(119, 'cum', 'Veniam dolorem nulla animi itaque asperiores iusto eaque perspiciatis. Quo aperiam expedita voluptas exercitationem vitae ut. Ipsum est distinctio neque impedit aliquid nihil.', 301, 5, 11, '2019-04-14 10:08:09', '2019-04-14 10:08:09'),
(120, 'autem', 'Fugiat cum odit minus optio recusandae natus. Porro provident enim voluptatum dolor. Hic magni cumque et. Et est similique dicta impedit veniam. Tenetur fugit ullam qui.', 520, 7, 9, '2019-04-14 10:08:09', '2019-04-14 10:08:09'),
(121, 'aut', 'Recusandae consequatur velit commodi laboriosam deserunt ut eum sit. Voluptas eius est provident vel. Id maxime eaque numquam quibusdam. Eos quod magnam voluptate odit voluptate repudiandae dignissimos.', 104, 7, 25, '2019-04-14 10:08:09', '2019-04-14 10:08:09'),
(122, 'et', 'Reiciendis commodi facere ipsam eos corporis vitae voluptate. Tenetur amet vitae quia dolorem vitae. Et in illo nihil id voluptatum.', 700, 9, 11, '2019-04-14 10:08:09', '2019-04-14 10:08:09'),
(123, 'sint', 'Eius possimus error iure amet tenetur laboriosam labore. Odio corporis et et ut velit nostrum expedita. Quasi fuga ipsam et commodi.', 985, 3, 23, '2019-04-14 10:08:09', '2019-04-14 10:08:09'),
(124, 'omnis', 'Ut qui facilis mollitia porro pariatur rem earum. Qui consequuntur quod sint. Voluptas quo magnam omnis est.', 285, 7, 28, '2019-04-14 10:08:09', '2019-04-14 10:08:09'),
(125, 'illo', 'Illum omnis ab minima et minima. Ut mollitia doloremque praesentium iure debitis eos aut.', 248, 1, 21, '2019-04-14 10:08:09', '2019-04-14 10:08:09'),
(126, 'provident', 'Cumque et maiores et. Doloremque sed qui qui suscipit qui. Aliquid dolorem id non quia ipsam dolores numquam.', 186, 0, 10, '2019-04-14 10:08:09', '2019-04-14 10:08:09'),
(127, 'ut', 'Provident laudantium cupiditate quia provident rem voluptatibus ex. Et omnis est hic ut sunt. Eius odit amet at et veritatis.', 308, 1, 20, '2019-04-14 10:08:09', '2019-04-14 10:08:09'),
(128, 'saepe', 'Deserunt fugiat sit sapiente. Voluptatibus laboriosam facere vel consectetur qui. Omnis veritatis accusamus neque ipsam sapiente expedita quae.', 839, 2, 13, '2019-04-14 10:08:09', '2019-04-14 10:08:09'),
(129, 'dolor', 'Veniam facere et voluptatibus incidunt occaecati velit. Ex dicta est aut aliquid et. Laborum natus dolorem quae commodi est officiis.', 105, 9, 14, '2019-04-14 10:08:09', '2019-04-14 10:08:09'),
(130, 'eum', 'Voluptatem quo sint voluptatem magnam nesciunt sit sit. Eos consectetur aut architecto voluptas distinctio. Repellat qui asperiores possimus vel delectus qui distinctio quis. Similique qui laboriosam deserunt ducimus.', 616, 6, 17, '2019-04-14 10:08:09', '2019-04-14 10:08:09'),
(131, 'libero', 'Voluptas ut id et sed facere rem labore ut. Deserunt eos voluptate hic illum error minima saepe minima.', 380, 6, 6, '2019-04-14 10:08:10', '2019-04-14 10:08:10'),
(132, 'ut', 'Necessitatibus facere dolore similique. Animi ut quibusdam dolores rerum et. Possimus incidunt doloremque dolorem aut possimus veritatis.', 274, 9, 3, '2019-04-14 10:08:10', '2019-04-14 10:08:10'),
(133, 'placeat', 'Quod molestiae occaecati omnis ut et vel. Sed et velit nihil aut quam expedita laudantium. Hic dolorem non sed aut. Sapiente qui reprehenderit ea rerum voluptates error hic.', 906, 3, 27, '2019-04-14 10:08:10', '2019-04-14 10:08:10'),
(134, 'itaque', 'Eos saepe amet possimus ut aut est. Voluptas excepturi quia sed sed laboriosam adipisci. Sed veritatis sapiente facere est. Sed incidunt sed hic ut consequatur.', 523, 6, 24, '2019-04-14 10:08:10', '2019-04-14 10:08:10'),
(135, 'sequi', 'Mollitia architecto sed dignissimos non. Quia commodi occaecati ducimus rerum. Et sed sequi magni rem libero provident.', 447, 7, 5, '2019-04-14 10:08:10', '2019-04-14 10:08:10'),
(136, 'maiores', 'Rem laudantium eum nobis reprehenderit. Dignissimos est sit quis numquam minus officia impedit. Quod quae repellat est quisquam cum. Autem excepturi consequuntur cumque provident sunt.', 850, 7, 27, '2019-04-14 10:08:10', '2019-04-14 10:08:10'),
(137, 'illo', 'Quasi et excepturi excepturi nihil est tempore est. Commodi sequi error illo. Consequatur et velit debitis repudiandae. Veritatis aut doloremque enim est.', 892, 6, 18, '2019-04-14 10:08:10', '2019-04-14 10:08:10'),
(138, 'minus', 'Rerum impedit ut ut dolores sapiente nobis a. Maxime laborum sed quia sit. Aut explicabo minima non reiciendis quos recusandae ea. Et repudiandae autem omnis quia accusamus.', 825, 5, 30, '2019-04-14 10:08:10', '2019-04-14 10:08:10'),
(139, 'cumque', 'Consequuntur hic repellendus quisquam qui cumque et. Eum tempore eveniet vel autem deleniti quo laudantium.', 609, 1, 9, '2019-04-14 10:08:10', '2019-04-14 10:08:10'),
(140, 'eum', 'Sit enim architecto laboriosam voluptatem maiores incidunt. Perferendis at qui explicabo qui. Molestiae porro rerum asperiores. Ad minima quibusdam velit beatae omnis.', 374, 1, 10, '2019-04-14 10:08:10', '2019-04-14 10:08:10'),
(141, 'eius', 'Voluptatibus iste dolor enim tempora aspernatur in. Possimus quam quae quibusdam iste accusamus aperiam consequatur nobis. Nobis non sit ex dicta et consectetur. Et fugiat ut nesciunt eligendi.', 789, 9, 10, '2019-04-14 10:08:10', '2019-04-14 10:08:10'),
(142, 'illum', 'Sed ut omnis modi. Beatae fugit ex enim molestiae amet dolores. Iste aut maxime sed. Consectetur et ipsum laudantium deleniti aut.', 109, 1, 17, '2019-04-14 10:08:10', '2019-04-14 10:08:10'),
(143, 'non', 'Tenetur totam voluptatibus voluptates incidunt. In sequi quo consectetur facere qui quidem. Illo mollitia qui aut et occaecati sequi dolorem.', 828, 5, 6, '2019-04-14 10:08:10', '2019-04-14 10:08:10'),
(144, 'similique', 'Quis sunt ducimus ut aspernatur magnam. Et repellendus nobis harum maiores. Vero quia rerum magnam eum. In voluptas occaecati ipsa molestiae quisquam optio esse sunt.', 995, 5, 19, '2019-04-14 10:08:10', '2019-04-14 10:08:10'),
(145, 'qui', 'Possimus nemo suscipit minima enim doloribus et. Corrupti at rem omnis omnis vero ullam sunt. Quam quia repellat et recusandae. Eum quas deserunt ducimus non. Dolores ut natus doloribus est explicabo.', 953, 4, 26, '2019-04-14 10:08:11', '2019-04-14 10:08:11'),
(146, 'rerum', 'Perferendis quam dolorum voluptatum exercitationem nihil. Consequatur porro occaecati nam itaque incidunt odit quia. Et at sint doloribus dignissimos.', 558, 1, 2, '2019-04-14 10:08:11', '2019-04-14 10:08:11'),
(147, 'officia', 'Quo enim sed optio excepturi non iste. Voluptatibus qui ut dicta quod. Consequatur et cumque enim. Omnis nobis qui sed vel nam autem est expedita.', 619, 1, 21, '2019-04-14 10:08:11', '2019-04-14 10:08:11'),
(148, 'quia', 'Sint blanditiis amet facilis cumque eveniet sed at. Aliquid fugit optio iusto doloribus rerum autem nobis. Doloribus sed commodi qui explicabo. Ipsam odit est natus ipsam impedit.', 489, 7, 25, '2019-04-14 10:08:11', '2019-04-14 10:08:11'),
(149, 'sit', 'Voluptatibus laudantium quibusdam reprehenderit quaerat repellat occaecati esse quisquam. Aliquid dolorum excepturi quo unde amet natus consequatur.', 202, 1, 10, '2019-04-14 10:08:11', '2019-04-14 10:08:11'),
(150, 'laboriosam', 'Molestiae omnis dolorem sit repudiandae sunt quis consequuntur qui. Cupiditate aut dolorem voluptas provident. Explicabo eveniet soluta qui cupiditate qui odit. Dolore cumque quisquam consequatur excepturi est molestias.', 893, 5, 3, '2019-04-14 10:08:11', '2019-04-14 10:08:11'),
(151, 'nostrum', 'Velit quidem facere rerum facere et. Quam et veniam ex exercitationem sunt ipsa et. In est quia sunt alias dicta.', 950, 1, 24, '2019-04-14 10:08:44', '2019-04-14 10:08:44'),
(152, 'maiores', 'Eius sint adipisci modi dolores quod. Alias aut sint consequatur porro itaque rerum sequi. Eos cumque laudantium iusto quis molestiae quia. Laudantium voluptate cupiditate et enim reprehenderit.', 291, 8, 3, '2019-04-14 10:08:44', '2019-04-14 10:08:44'),
(153, 'porro', 'Qui error maiores sequi harum. Eaque soluta pariatur eveniet quia autem. Dignissimos eaque adipisci quibusdam eveniet. Est dolor commodi id.', 531, 4, 15, '2019-04-14 10:08:44', '2019-04-14 10:08:44'),
(154, 'eaque', 'Qui omnis maiores consequatur eos vero quis est. Minima molestias aut aut et dolor sunt. Doloribus quasi neque odio qui vel voluptates. Aut est qui animi.', 830, 5, 7, '2019-04-14 10:08:44', '2019-04-14 10:08:44'),
(155, 'velit', 'Impedit voluptatem ut animi autem est sunt. Itaque qui odio in ullam ipsam sit quas rerum. Reprehenderit rerum enim rerum quis temporibus ut vel. Rem veritatis dignissimos fugit quo iure. Quia necessitatibus adipisci explicabo.', 323, 9, 20, '2019-04-14 10:08:44', '2019-04-14 10:08:44'),
(156, 'est', 'Perferendis possimus et cum maiores. Cum vero aut eius et cum. Consequatur et laudantium pariatur ea fuga vero dolores voluptas. In voluptatibus minus eligendi minima consequatur. Temporibus magnam distinctio eos dolorem consequatur.', 198, 6, 7, '2019-04-14 10:08:44', '2019-04-14 10:08:44'),
(157, 'labore', 'Minus aliquam harum ad sint quia saepe. Labore qui vel quas est. Alias est modi iste consequatur.', 348, 3, 7, '2019-04-14 10:08:44', '2019-04-14 10:08:44'),
(158, 'suscipit', 'Eos commodi quidem quidem ut veniam. Occaecati ad temporibus eos aut harum et vero. Non autem ducimus rem placeat. Nesciunt occaecati ea explicabo cupiditate atque nostrum quibusdam fugiat. Recusandae velit nihil autem vel cupiditate nihil.', 359, 4, 29, '2019-04-14 10:08:44', '2019-04-14 10:08:44'),
(159, 'omnis', 'Asperiores delectus doloribus doloremque dolorem odit consequatur. Ut quia ea dolores sunt. Minus ut explicabo quo totam.', 551, 4, 23, '2019-04-14 10:08:44', '2019-04-14 10:08:44'),
(160, 'veritatis', 'Aliquam molestias neque neque quo cupiditate. Deserunt corrupti incidunt voluptatibus ut tempore rerum eligendi. Magni et dolor dolores architecto dolor et soluta. Accusamus deserunt non distinctio rerum.', 317, 6, 19, '2019-04-14 10:08:44', '2019-04-14 10:08:44'),
(161, 'molestiae', 'Expedita sunt sed cumque est esse non. Reiciendis accusamus nihil molestiae sint voluptate ex. Id quia temporibus ipsum corporis quisquam similique. Totam nisi quod natus ex.', 981, 6, 21, '2019-04-14 10:08:45', '2019-04-14 10:08:45'),
(162, 'deserunt', 'Omnis dolores molestiae quos aliquid. Officiis vel et sed cupiditate doloribus temporibus. Veniam ipsum maxime minus id perferendis. Eveniet accusantium qui dolorem quibusdam maxime iure nisi.', 337, 4, 28, '2019-04-14 10:08:45', '2019-04-14 10:08:45'),
(163, 'minima', 'Et laborum et doloremque facere quia molestiae provident autem. Neque esse delectus unde. Molestiae sunt et consequatur accusantium quas nulla alias laboriosam. Sunt qui laborum dicta possimus cumque beatae.', 126, 5, 6, '2019-04-14 10:08:45', '2019-04-14 10:08:45'),
(164, 'qui', 'Sunt voluptatem quibusdam maiores illum et nam minus. Et ipsam vero sed maxime animi reprehenderit. Voluptatem et enim consectetur id ab amet.', 287, 1, 5, '2019-04-14 10:08:45', '2019-04-14 10:08:45'),
(165, 'exercitationem', 'Et perspiciatis nihil excepturi sed eius. Et facilis et fugit voluptas omnis. Voluptas ratione voluptas corporis reiciendis eligendi ullam rem. Dolores libero quis ratione repudiandae sed.', 896, 6, 30, '2019-04-14 10:08:45', '2019-04-14 10:08:45'),
(166, 'illo', 'Odio nam sint error enim voluptatibus sed atque. Dolorem autem officiis et non voluptatem. Harum in perferendis deleniti minus molestiae iure doloribus.', 146, 0, 26, '2019-04-14 10:08:45', '2019-04-14 10:08:45'),
(167, 'voluptas', 'Nobis deleniti molestias hic ut aliquid. Ut facere veritatis dolores voluptatem cum ipsa nesciunt quia. Dolor omnis quaerat cum numquam consequatur. Sit aspernatur quis illum eos ut.', 942, 7, 24, '2019-04-14 10:08:45', '2019-04-14 10:08:45'),
(168, 'omnis', 'Est similique harum earum quibusdam iure ea. Asperiores et in enim provident. Voluptas ea esse temporibus eos.', 413, 7, 11, '2019-04-14 10:08:45', '2019-04-14 10:08:45'),
(169, 'quis', 'Quos molestiae exercitationem repellendus sunt sit neque rerum. Eaque voluptas iste consequuntur voluptas. Inventore quam necessitatibus asperiores dolor cupiditate impedit. Possimus est est dignissimos suscipit ea maxime.', 942, 5, 2, '2019-04-14 10:08:45', '2019-04-14 10:08:45'),
(170, 'optio', 'Assumenda cupiditate sit quisquam similique fugiat repudiandae nostrum. Odio quod eius debitis laboriosam et dolorem magnam. Ut illo omnis ea a.', 1000, 3, 4, '2019-04-14 10:08:45', '2019-04-14 10:08:45'),
(171, 'qui', 'Est voluptatem non alias repellat molestiae vel et iusto. Provident earum a autem ut praesentium consectetur aliquid incidunt. Consequatur distinctio quisquam et sed. Dolorum suscipit enim dolore consectetur adipisci.', 361, 2, 28, '2019-04-14 10:08:45', '2019-04-14 10:08:45'),
(172, 'hic', 'Dolorem quod perspiciatis libero voluptatem. Cumque et voluptate ducimus explicabo placeat et unde nemo. Qui voluptas quaerat non molestiae. Asperiores nihil odit quia ut placeat.', 271, 5, 22, '2019-04-14 10:08:46', '2019-04-14 10:08:46'),
(173, 'iure', 'Deleniti amet molestiae qui rerum similique. Eveniet sit ipsam impedit vitae blanditiis. Sunt nihil culpa autem quia nemo.', 569, 7, 26, '2019-04-14 10:08:46', '2019-04-14 10:08:46'),
(174, 'cupiditate', 'Voluptatem repellendus provident repellendus et. Eum saepe nam esse dolorem veritatis. Vel saepe natus voluptas expedita tempora velit numquam minus.', 265, 8, 24, '2019-04-14 10:08:46', '2019-04-14 10:08:46'),
(175, 'velit', 'Qui et sed perferendis rerum eos. Placeat non molestias recusandae. Et repudiandae similique eligendi dolor possimus. Quae nemo quia non.', 849, 1, 3, '2019-04-14 10:08:46', '2019-04-14 10:08:46'),
(176, 'est', 'Enim possimus consequatur deleniti. Qui fugiat dolores et. Aliquam distinctio ut accusantium autem iste et.', 276, 7, 3, '2019-04-14 10:08:46', '2019-04-14 10:08:46'),
(177, 'libero', 'Nemo deleniti corrupti repellat voluptatem earum nihil incidunt. Enim unde necessitatibus laborum doloribus sint a nesciunt. Odio accusantium itaque est. Veritatis id doloribus sequi repudiandae alias cumque.', 102, 6, 14, '2019-04-14 10:08:46', '2019-04-14 10:08:46'),
(178, 'sit', 'Alias necessitatibus qui repudiandae sint qui quia velit tenetur. Dolor quae earum est quia velit commodi minus. Consectetur et repellat sunt reiciendis et. Enim vel dolorum officiis et.', 814, 6, 25, '2019-04-14 10:08:46', '2019-04-14 10:08:46'),
(179, 'repellendus', 'Libero cupiditate voluptatem dolores dolores non nam. Voluptate accusamus dolor nam consequatur minus. Laudantium quod voluptate impedit quis.', 835, 8, 4, '2019-04-14 10:08:46', '2019-04-14 10:08:46'),
(180, 'occaecati', 'Aliquam dolores quo unde id perferendis. Velit aut expedita enim eius. Est accusamus inventore vel dolor soluta provident. Iure id soluta magnam dolore soluta et.', 264, 3, 21, '2019-04-14 10:08:46', '2019-04-14 10:08:46'),
(181, 'consectetur', 'Et odio sit sit eum accusantium. Suscipit harum ut explicabo. Recusandae qui corrupti quia voluptatum deserunt iste in ea. Consequuntur qui quis non facilis dolorem doloremque.', 323, 6, 29, '2019-04-14 10:08:46', '2019-04-14 10:08:46'),
(182, 'amet', 'Dolorem et delectus quam eos repellendus consequatur nobis voluptas. Excepturi blanditiis odio sit in iste cum. Ea et eligendi omnis sint. Fugiat velit dolores corporis.', 241, 4, 16, '2019-04-14 10:08:46', '2019-04-14 10:08:46'),
(183, 'velit', 'Iusto quis rerum consequuntur. Ut corporis et minus molestiae quasi. Quae soluta dolore culpa dolores sint necessitatibus. Modi saepe hic et ut eaque.', 454, 8, 20, '2019-04-14 10:08:46', '2019-04-14 10:08:46'),
(184, 'labore', 'Quos et adipisci blanditiis asperiores ut. Alias qui vel ipsam perferendis voluptas pariatur. Magni maxime quia nostrum consequatur sequi quidem et dolores.', 125, 6, 23, '2019-04-14 10:08:46', '2019-04-14 10:08:46'),
(185, 'tempore', 'Modi ducimus saepe sapiente quia maxime qui. Ipsam similique voluptates numquam aut. Non odit sint et rerum sapiente sunt. Doloremque et impedit quo quae voluptatem adipisci et.', 359, 2, 16, '2019-04-14 10:08:47', '2019-04-14 10:08:47'),
(186, 'omnis', 'Ab placeat repudiandae excepturi voluptatum atque ut incidunt. Enim velit consequatur adipisci molestiae placeat. Officiis quasi ut nemo consequatur dolor rerum exercitationem.', 479, 0, 4, '2019-04-14 10:08:47', '2019-04-14 10:08:47'),
(187, 'et', 'Quia eligendi veniam aliquam ullam quisquam blanditiis quis labore. Nihil necessitatibus porro consectetur delectus. Veniam magnam rerum repellat ut excepturi quis deserunt. Doloribus saepe facere sit qui fuga labore amet.', 560, 6, 21, '2019-04-14 10:08:47', '2019-04-14 10:08:47'),
(188, 'nihil', 'Doloribus minima amet qui molestias et. Omnis nihil exercitationem repellendus quis omnis. Mollitia nesciunt quam molestiae minus. Deleniti quas pariatur nesciunt odit repudiandae vel similique alias.', 972, 8, 5, '2019-04-14 10:08:47', '2019-04-14 10:08:47'),
(189, 'quibusdam', 'Voluptas explicabo veniam voluptas ea. Sit officiis ut sunt. Omnis unde id quae rerum perspiciatis ad in.', 154, 7, 17, '2019-04-14 10:08:47', '2019-04-14 10:08:47'),
(190, 'repudiandae', 'Dicta quos omnis cum exercitationem. Sed eaque enim quis quis unde. Corporis quod optio dolor voluptate expedita. Quaerat voluptatem placeat et quaerat blanditiis aut hic. Aut qui reiciendis repellendus corrupti id maiores.', 770, 7, 11, '2019-04-14 10:08:47', '2019-04-14 10:08:47'),
(191, 'nihil', 'Praesentium ad qui est recusandae eaque. Quidem autem inventore delectus ea aliquid molestiae. Et hic voluptas consequatur voluptates id doloribus sequi animi.', 278, 3, 16, '2019-04-14 10:08:47', '2019-04-14 10:08:47'),
(192, 'rerum', 'Et corporis architecto corporis sunt et. Omnis aspernatur enim quo recusandae tempore reiciendis. Maiores aspernatur ut aut nisi eum quo.', 942, 1, 23, '2019-04-14 10:08:47', '2019-04-14 10:08:47'),
(193, 'expedita', 'Aspernatur molestias et eos doloremque ullam blanditiis sed. Omnis modi praesentium et et nihil quas optio.', 453, 4, 28, '2019-04-14 10:08:47', '2019-04-14 10:08:47'),
(194, 'aut', 'Cupiditate minima perspiciatis aspernatur consequatur totam qui. Error sed ex est. Eligendi ut unde quos earum aut nemo.', 896, 5, 19, '2019-04-14 10:08:47', '2019-04-14 10:08:47'),
(195, 'rem', 'Sint suscipit quibusdam magni aspernatur dolore et. Voluptatem commodi aut ad et quia quasi voluptatem minus. Ullam ipsum ducimus quam cum natus. Minus accusantium recusandae exercitationem molestias eaque.', 872, 2, 18, '2019-04-14 10:08:47', '2019-04-14 10:08:47'),
(196, 'in', 'Id est qui labore quibusdam rerum. Laudantium fugiat tempora quam sapiente. Est et incidunt incidunt.', 141, 4, 6, '2019-04-14 10:08:47', '2019-04-14 10:08:47'),
(197, 'soluta', 'Doloremque quam laudantium quam aperiam rerum nemo eligendi. Saepe odio voluptas dolore quaerat voluptatem labore et nam. Deleniti qui fugiat nam dolores culpa minus. Soluta sit quod minima eligendi quis voluptas quia adipisci. Dolores ullam vel et beatae sint qui.', 859, 6, 2, '2019-04-14 10:08:47', '2019-04-14 10:08:47'),
(198, 'est', 'Officia ex facere ea adipisci totam tenetur. Qui possimus doloribus voluptatem consequatur dolorem molestiae suscipit.', 267, 0, 17, '2019-04-14 10:08:47', '2019-04-14 10:08:47'),
(199, 'magnam', 'Iste magnam expedita repellendus. Ea tenetur rerum maiores quisquam.', 278, 5, 3, '2019-04-14 10:08:47', '2019-04-14 10:08:47'),
(200, 'inventore', 'Voluptatem sed illum debitis sint est iusto. Dolor delectus reprehenderit dolores quidem velit illum rerum enim. Eos tempora non et ad. Est saepe quia cumque nulla exercitationem consequatur ea.', 966, 1, 15, '2019-04-14 10:08:48', '2019-04-14 10:08:48'),
(201, 'architecto', 'Vel voluptate a culpa. Fugiat facere quod quibusdam dolorem voluptate. Ab sed eum amet aut. Id sit et aut quod adipisci molestiae. Libero nemo quo et et quam ut occaecati.', 600, 9, 4, '2019-04-14 10:12:33', '2019-04-14 10:12:33'),
(202, 'at', 'Dignissimos consequuntur illo dolorum quia. Nisi illum ea dolorem corporis. Consequuntur voluptatibus dolores nulla quae minima eligendi.', 511, 1, 28, '2019-04-14 10:12:33', '2019-04-14 10:12:33'),
(203, 'ut', 'Cum aliquam labore omnis unde animi error. Impedit nisi sed sint exercitationem nulla voluptatem molestiae. Omnis eveniet consequatur sit deserunt cum culpa ea. Sint autem unde mollitia. Eius quaerat omnis repudiandae sapiente consequatur est.', 350, 6, 9, '2019-04-14 10:12:33', '2019-04-14 10:12:33'),
(204, 'necessitatibus', 'Quas ullam quam fuga fugit sed. Veniam atque fuga in quia totam. Alias aliquam ea qui voluptatem consequatur. Magnam nesciunt sed voluptatibus explicabo.', 943, 4, 10, '2019-04-14 10:12:33', '2019-04-14 10:12:33'),
(205, 'cumque', 'Est vero ut optio facere porro vitae architecto. Laboriosam ipsa odio facere vero fugiat. Est est quis aut et.', 245, 7, 15, '2019-04-14 10:12:33', '2019-04-14 10:12:33'),
(206, 'hic', 'Sunt sed totam sunt hic velit exercitationem quo. Officiis voluptatem aut eveniet et. Et ipsam debitis aut at eos aut assumenda necessitatibus. Architecto temporibus ut facilis blanditiis quia neque.', 978, 6, 6, '2019-04-14 10:12:33', '2019-04-14 10:12:33'),
(207, 'exercitationem', 'Ut est soluta assumenda alias. Voluptas dolorum repellendus perferendis similique. Earum eos aut nostrum debitis.', 775, 3, 17, '2019-04-14 10:12:33', '2019-04-14 10:12:33'),
(208, 'molestiae', 'Asperiores at at aspernatur veritatis animi. Maiores ducimus libero aliquid quae. Et saepe totam dolore atque sint vitae libero.', 930, 8, 6, '2019-04-14 10:12:34', '2019-04-14 10:12:34'),
(209, 'recusandae', 'Dignissimos repellendus sunt nesciunt sit sapiente fugiat fuga. Fuga vel architecto hic amet et. Pariatur optio sit rerum repellendus et.', 745, 3, 29, '2019-04-14 10:12:34', '2019-04-14 10:12:34'),
(210, 'magnam', 'Quibusdam architecto in aut et. Exercitationem ut labore nihil fugit temporibus. Voluptatibus provident dolorem et neque vero est. Iusto in et odio.', 950, 4, 18, '2019-04-14 10:12:34', '2019-04-14 10:12:34'),
(211, 'sunt', 'Repellendus illum at eos voluptatem vel. Aut molestias ullam corrupti nihil. Et odit dignissimos animi nulla est voluptates vero. Voluptas eveniet quo magnam enim assumenda non nemo.', 607, 0, 24, '2019-04-14 10:12:34', '2019-04-14 10:12:34'),
(212, 'consequatur', 'Numquam vel voluptatum velit et hic corporis architecto voluptatem. Dolore qui voluptatem ducimus sequi quia. Expedita ut exercitationem inventore error quasi perspiciatis ducimus. Et nobis quia alias voluptas ipsum maxime et corrupti.', 502, 1, 13, '2019-04-14 10:12:34', '2019-04-14 10:12:34');
INSERT INTO `products` (`id`, `name`, `detail`, `price`, `stock`, `discount`, `created_at`, `updated_at`) VALUES
(213, 'quia', 'In distinctio reprehenderit doloribus voluptas pariatur dolorem corporis. Odio nemo sit qui et perspiciatis rerum qui dolor. Qui vel eos assumenda distinctio eos.', 626, 0, 29, '2019-04-14 10:12:34', '2019-04-14 10:12:34'),
(214, 'officia', 'Quo dignissimos a similique laborum. Qui et et sunt molestiae. Totam ex quo omnis. Consequuntur quia officia repellat voluptatibus.', 570, 3, 11, '2019-04-14 10:12:34', '2019-04-14 10:12:34'),
(215, 'rerum', 'Quia deserunt et consequuntur. Facere ut facilis repellat accusamus quibusdam similique. Voluptas illum dolorem totam necessitatibus beatae.', 597, 0, 9, '2019-04-14 10:12:34', '2019-04-14 10:12:34'),
(216, 'ea', 'Et quisquam hic vero aut et. Molestiae omnis quia a quidem. Maiores quidem earum rerum nostrum voluptatibus omnis.', 903, 8, 26, '2019-04-14 10:12:34', '2019-04-14 10:12:34'),
(217, 'quia', 'Pariatur qui provident consequatur autem. Modi et sed numquam qui corporis quia minus. Dolorem quia aut qui et magni assumenda aliquam.', 920, 9, 21, '2019-04-14 10:12:34', '2019-04-14 10:12:34'),
(218, 'cupiditate', 'Qui enim animi excepturi. Necessitatibus sit rerum ut debitis itaque quia voluptas accusamus. Vel ut numquam atque accusantium dolorem ab. Ipsum sit doloremque repellendus tempore est.', 108, 5, 14, '2019-04-14 10:12:34', '2019-04-14 10:12:34'),
(219, 'quidem', 'Dolorum quo facere omnis rem. Est exercitationem sit omnis magni accusamus dolorum. Rerum architecto aliquam quia dolor dignissimos voluptatem iusto. Officia nisi perferendis laudantium omnis numquam.', 230, 3, 4, '2019-04-14 10:12:34', '2019-04-14 10:12:34'),
(220, 'eaque', 'Amet ipsam natus voluptatibus et fugiat. Officia dolore non rerum reiciendis et laudantium magni. Sit natus id ut corrupti ut dolore similique. Quis vitae libero dolorem officia temporibus amet et est.', 970, 9, 2, '2019-04-14 10:12:35', '2019-04-14 10:12:35'),
(221, 'vel', 'Est adipisci enim aut et quibusdam ut. Et perspiciatis qui rerum enim et.', 807, 0, 20, '2019-04-14 10:12:35', '2019-04-14 10:12:35'),
(222, 'aspernatur', 'Voluptate at sapiente consequatur consequuntur. A quasi et fugit error. Aut quasi debitis amet modi illum et.', 245, 9, 28, '2019-04-14 10:12:35', '2019-04-14 10:12:35'),
(223, 'eius', 'Voluptate sunt pariatur explicabo quasi ut dolores qui. Reiciendis asperiores et repellat dolores ea. In qui rerum labore ea consequatur. Eius et asperiores in accusamus culpa earum odit sequi.', 408, 6, 15, '2019-04-14 10:12:35', '2019-04-14 10:12:35'),
(224, 'voluptate', 'Necessitatibus praesentium autem voluptates nobis rerum ut minus. Mollitia dolores magni molestias nesciunt molestiae.', 809, 0, 20, '2019-04-14 10:12:35', '2019-04-14 10:12:35'),
(225, 'excepturi', 'Omnis nisi ratione veniam unde officia sed eum unde. Nemo est nemo voluptatum. Voluptatum in tempore quia voluptatem veritatis architecto occaecati ex. Qui est enim at nesciunt esse neque commodi.', 283, 2, 5, '2019-04-14 10:12:35', '2019-04-14 10:12:35'),
(226, 'alias', 'Eaque pariatur veritatis magnam voluptas amet consequuntur necessitatibus. Velit ut labore ipsam ut iste. Praesentium et sed quia voluptates.', 653, 5, 4, '2019-04-14 10:12:35', '2019-04-14 10:12:35'),
(227, 'occaecati', 'Iste explicabo consequatur qui error iste. Ut magnam consequuntur odio sint. Quas reprehenderit porro nobis aut.', 504, 5, 28, '2019-04-14 10:12:35', '2019-04-14 10:12:35'),
(228, 'cupiditate', 'Ab molestiae saepe odit in numquam explicabo impedit aut. Et nostrum cum et. Labore autem nam aliquam ullam quidem.', 568, 4, 16, '2019-04-14 10:12:35', '2019-04-14 10:12:35'),
(229, 'voluptas', 'Aut non voluptatem nulla officia cupiditate enim. Quidem architecto amet laboriosam error voluptatem nostrum voluptas quo. Nesciunt in vitae iure distinctio suscipit nihil nobis. Quidem quis corporis voluptatem numquam deserunt dolor et nihil.', 184, 1, 22, '2019-04-14 10:12:35', '2019-04-14 10:12:35'),
(230, 'labore', 'Eligendi voluptatem fugiat voluptas cum. Est cupiditate quae qui a nam ipsum. Laudantium libero aut qui eius.', 368, 1, 3, '2019-04-14 10:12:35', '2019-04-14 10:12:35'),
(231, 'veritatis', 'Dolor cumque doloremque voluptas itaque velit expedita. Rerum nam qui non harum officia. Eum aut distinctio magni voluptates. Aut dicta assumenda non sequi quo.', 355, 2, 2, '2019-04-14 10:12:36', '2019-04-14 10:12:36'),
(232, 'qui', 'Quae aliquid eos est eligendi consectetur qui. Dolores nulla ut numquam sunt ad aspernatur accusamus. Et laborum quisquam voluptatem molestias ut. Soluta animi velit libero.', 796, 5, 9, '2019-04-14 10:12:36', '2019-04-14 10:12:36'),
(233, 'molestiae', 'Quia reprehenderit non nobis id debitis. Voluptate enim sint error sint molestiae repudiandae quae. Voluptatem sit dolor accusamus soluta.', 409, 5, 13, '2019-04-14 10:12:36', '2019-04-14 10:12:36'),
(234, 'consequatur', 'Dolorem quas non non cum. Ut dolor aliquam laboriosam impedit unde et quisquam. Harum omnis eos molestiae quaerat dolor quia sint et. Voluptatem fuga officia harum occaecati deleniti omnis dolorem aut.', 503, 9, 12, '2019-04-14 10:12:36', '2019-04-14 10:12:36'),
(235, 'distinctio', 'Recusandae incidunt qui aut temporibus. Dolorum ad eum ratione ea consequuntur qui. Et nesciunt nulla molestiae quam ut. Non accusamus est dolorum reprehenderit quo.', 135, 7, 7, '2019-04-14 10:12:36', '2019-04-14 10:12:36'),
(236, 'et', 'Soluta vero delectus voluptatem non repellat. Quia rerum ducimus recusandae maiores porro. Dolorem qui sit dolorem voluptate culpa.', 592, 7, 6, '2019-04-14 10:12:36', '2019-04-14 10:12:36'),
(237, 'aut', 'Similique et fuga sit voluptas facere aut. Maiores ea dolores consequuntur praesentium beatae esse quia placeat. Fugit enim soluta porro sint neque.', 951, 5, 9, '2019-04-14 10:12:36', '2019-04-14 10:12:36'),
(238, 'et', 'Autem placeat expedita aspernatur veniam recusandae. Similique architecto totam reiciendis aliquam aut dolores sint. Dolorum molestiae amet in qui pariatur. Exercitationem quis fugit recusandae explicabo.', 289, 6, 16, '2019-04-14 10:12:36', '2019-04-14 10:12:36'),
(239, 'aliquid', 'Ullam esse nobis ducimus excepturi. Dicta cupiditate veniam quos vitae. Vel eos dolor accusantium est quam.', 110, 7, 18, '2019-04-14 10:12:36', '2019-04-14 10:12:36'),
(240, 'sed', 'Inventore unde quis expedita sapiente. Laudantium et et illum cupiditate. Expedita non voluptatem odit mollitia omnis vel eos.', 706, 3, 20, '2019-04-14 10:12:36', '2019-04-14 10:12:36'),
(241, 'commodi', 'Aut voluptatum reiciendis et et. Ab pariatur et officia vitae in. Sed possimus ducimus consequatur velit.', 873, 9, 18, '2019-04-14 10:12:36', '2019-04-14 10:12:36'),
(242, 'ratione', 'Accusamus autem vel laborum adipisci in. Ut aut iusto corporis. Neque nemo omnis ab aperiam unde eos est.', 296, 8, 29, '2019-04-14 10:12:36', '2019-04-14 10:12:36'),
(243, 'ut', 'Dolores similique culpa sed soluta. Quam itaque temporibus a consectetur. Similique laudantium eveniet aut occaecati molestiae. Quis aperiam accusamus exercitationem accusamus impedit adipisci.', 192, 4, 11, '2019-04-14 10:12:36', '2019-04-14 10:12:36'),
(244, 'voluptas', 'Rerum cupiditate esse dignissimos ut. Autem quasi aperiam id omnis molestiae illum fugit. Distinctio dolores architecto impedit velit maiores deleniti.', 590, 8, 14, '2019-04-14 10:12:37', '2019-04-14 10:12:37'),
(245, 'ut', 'Inventore placeat ut dolor consequuntur tempore similique doloremque. Aut iure labore blanditiis. Tempore nihil laborum recusandae eos consequatur necessitatibus et. Dolor quo qui cupiditate suscipit. Ad ipsum at quam est aut.', 865, 1, 11, '2019-04-14 10:12:37', '2019-04-14 10:12:37'),
(246, 'dolorem', 'Aliquid ipsam distinctio eius et. Repellat cum velit corporis omnis et voluptatem consequatur. In esse incidunt repellat ut perspiciatis quaerat illum totam. Totam ipsam consectetur voluptatem aut laudantium.', 979, 8, 11, '2019-04-14 10:12:37', '2019-04-14 10:12:37'),
(247, 'totam', 'Soluta dicta est eaque vero nemo placeat laborum. Officia animi et labore itaque molestiae sunt. Quia animi nam quo ab quam aspernatur molestias odit. Voluptatum autem eius molestiae autem commodi. Nihil ab sequi ut commodi voluptatem quo.', 369, 5, 6, '2019-04-14 10:12:37', '2019-04-14 10:12:37'),
(248, 'qui', 'Id autem molestiae ea odit aspernatur odit dolorem molestiae. Placeat ipsa ratione fugit rerum sunt. Eos et similique dignissimos est quidem laborum.', 203, 6, 8, '2019-04-14 10:12:37', '2019-04-14 10:12:37'),
(249, 'aliquid', 'Exercitationem tempore illum voluptatem commodi. Quo explicabo aliquam reiciendis odit quis. Non fugit consequatur vitae sequi ut et.', 357, 1, 27, '2019-04-14 10:12:37', '2019-04-14 10:12:37'),
(250, 'nisi', 'Harum aliquid sequi aut iusto et earum ipsum. Accusantium pariatur possimus nisi soluta ad. Similique eligendi voluptatum consequatur sed sint. Et repellendus hic maiores excepturi ipsam sed.', 391, 2, 2, '2019-04-14 10:12:37', '2019-04-14 10:12:37'),
(251, 'consequatur', 'Cupiditate hic dignissimos voluptas. Nulla ab doloremque nihil odit. Perferendis ipsum nihil nemo dolore vel sed quos.', 736, 2, 20, '2019-04-14 10:18:08', '2019-04-14 10:18:08'),
(252, 'et', 'Aut at aperiam eligendi consequatur. Est accusamus occaecati est. Voluptate animi mollitia ad.', 783, 6, 21, '2019-04-14 10:18:08', '2019-04-14 10:18:08'),
(253, 'corporis', 'Aut eaque ad ullam aut ut alias eligendi. Corrupti sunt nisi voluptatibus deleniti voluptatem omnis quae. Aliquid et ut delectus est veritatis aliquam.', 892, 8, 19, '2019-04-14 10:18:08', '2019-04-14 10:18:08'),
(254, 'libero', 'Repudiandae eius quia est nemo. Eum expedita ducimus quo cupiditate eum voluptates quis. Possimus repudiandae dolores officiis vero iste quia rerum. Sit eum praesentium sit dolores qui.', 849, 4, 17, '2019-04-14 10:18:08', '2019-04-14 10:18:08'),
(255, 'est', 'Voluptas voluptatibus in eligendi magnam eum quaerat aspernatur aut. Qui non deleniti minima explicabo enim praesentium dignissimos.', 386, 1, 14, '2019-04-14 10:18:08', '2019-04-14 10:18:08'),
(256, 'est', 'Vel commodi ad iure rerum. Animi eveniet illum dolores et. Et et dicta non fugiat voluptate aut quae.', 981, 2, 14, '2019-04-14 10:18:08', '2019-04-14 10:18:08'),
(257, 'eos', 'Voluptatem hic doloremque quod quaerat iste qui. Quo ipsa qui pariatur. Sed autem aliquam eius delectus neque incidunt qui. Praesentium et aut quos similique quisquam ex.', 739, 5, 25, '2019-04-14 10:18:08', '2019-04-14 10:18:08'),
(258, 'eius', 'Molestiae et impedit quos. Et ut officiis voluptates cupiditate dolore reprehenderit. Quis pariatur consequatur sunt inventore.', 494, 8, 17, '2019-04-14 10:18:08', '2019-04-14 10:18:08'),
(259, 'voluptas', 'Ipsa et deserunt vitae omnis. Possimus ratione voluptate sed magnam est. Et illo harum consequatur amet voluptatem.', 123, 5, 7, '2019-04-14 10:18:08', '2019-04-14 10:18:08'),
(260, 'magnam', 'Voluptatem sint totam aut quae. Delectus hic nesciunt a rerum necessitatibus ea. Enim est facilis temporibus blanditiis adipisci veniam voluptatem blanditiis. Laboriosam molestias dolor dolores veritatis assumenda tempora voluptas provident. Id soluta aut architecto quo quis tempore eius.', 942, 3, 5, '2019-04-14 10:18:09', '2019-04-14 10:18:09'),
(261, 'et', 'Est temporibus perferendis tempora. Aliquam nam mollitia ipsum qui qui cum dolores. Reiciendis impedit quasi consequatur repellat. Cupiditate et dolorem ut reprehenderit recusandae adipisci necessitatibus.', 207, 9, 27, '2019-04-14 10:18:09', '2019-04-14 10:18:09'),
(262, 'ab', 'Aut sed fuga voluptatem rerum qui quam quia. Est assumenda ab magnam dignissimos corporis consequuntur. Aliquam occaecati consectetur impedit ut est sequi.', 731, 5, 24, '2019-04-14 10:18:09', '2019-04-14 10:18:09'),
(263, 'vel', 'Qui sapiente odio adipisci voluptates inventore nesciunt. Facilis necessitatibus sint sint dolorum et illo ipsa. Voluptas illo dolores sed quae rerum.', 790, 7, 17, '2019-04-14 10:18:09', '2019-04-14 10:18:09'),
(264, 'eaque', 'Eum dolores in sit non voluptatem eaque. Est nulla pariatur doloribus dolores quasi eum.', 632, 5, 16, '2019-04-14 10:18:09', '2019-04-14 10:18:09'),
(265, 'sunt', 'Porro temporibus accusamus provident. Rerum suscipit vitae assumenda et omnis ducimus vitae. Voluptas consectetur laborum et aperiam perferendis.', 119, 5, 28, '2019-04-14 10:18:09', '2019-04-14 10:18:09'),
(266, 'est', 'Iste est enim dolorem quibusdam deserunt ad ipsam. Quia optio saepe perferendis tempore eveniet aut ducimus. Distinctio nulla similique id perspiciatis. Repellendus qui aut eos.', 289, 7, 27, '2019-04-14 10:18:09', '2019-04-14 10:18:09'),
(267, 'magnam', 'Eum aut consequatur sit quo sunt quo. Voluptatem quia in asperiores voluptates facilis repellat id consequatur. Dolores accusamus esse similique quo.', 303, 5, 23, '2019-04-14 10:18:09', '2019-04-14 10:18:09'),
(268, 'hic', 'Et officia id laborum enim. Dolor assumenda voluptas deserunt rerum. Autem ut aut aut quis provident iste eius. Est at porro officiis ut consequatur voluptas.', 194, 3, 15, '2019-04-14 10:18:09', '2019-04-14 10:18:09'),
(269, 'eum', 'Deserunt id explicabo facilis aut quia dolor totam aut. Cumque rerum voluptatem reprehenderit et molestiae qui. Quo eaque mollitia eveniet rem. Animi id sit nesciunt sit nesciunt reprehenderit deleniti.', 739, 5, 23, '2019-04-14 10:18:09', '2019-04-14 10:18:09'),
(270, 'sint', 'Est vel soluta quis cumque ut. Sit cupiditate dolores non qui sequi atque repudiandae. Veritatis voluptates aliquid occaecati tempora eos illum soluta. Doloribus libero aut deserunt sit impedit.', 528, 1, 10, '2019-04-14 10:18:10', '2019-04-14 10:18:10'),
(271, 'dolorum', 'Odio enim sunt fugit quo. Qui at quasi ipsa magnam cumque quia ratione. Veritatis quod blanditiis dignissimos hic provident nihil.', 831, 7, 23, '2019-04-14 10:18:10', '2019-04-14 10:18:10'),
(272, 'quia', 'Consequatur qui ut explicabo consequatur et distinctio totam odit. Ut quos est voluptate laudantium aut ut. Minus quibusdam cumque accusamus vero molestiae aut.', 699, 6, 10, '2019-04-14 10:18:10', '2019-04-14 10:18:10'),
(273, 'nobis', 'Fugit nam excepturi sed iste qui. Hic amet quis nihil vitae debitis voluptas cupiditate reiciendis. Enim dolores doloribus distinctio quidem natus ex.', 825, 2, 23, '2019-04-14 10:18:10', '2019-04-14 10:18:10'),
(274, 'mollitia', 'Aliquam et omnis itaque totam. Laborum blanditiis sequi exercitationem aut perspiciatis omnis. Quia quaerat aut tempora quia.', 792, 7, 30, '2019-04-14 10:18:10', '2019-04-14 10:18:10'),
(275, 'temporibus', 'Nam soluta quaerat quasi nobis. Beatae optio enim iusto ea aliquid. Enim vel id et occaecati dolorem.', 292, 4, 3, '2019-04-14 10:18:10', '2019-04-14 10:18:10'),
(276, 'enim', 'Temporibus voluptatibus error quis ex delectus fugiat. Suscipit explicabo culpa rerum quos voluptas officia necessitatibus.', 273, 4, 25, '2019-04-14 10:18:10', '2019-04-14 10:18:10'),
(277, 'nihil', 'Facilis maiores amet laborum voluptas. Cupiditate ea placeat esse asperiores.', 836, 9, 23, '2019-04-14 10:18:10', '2019-04-14 10:18:10'),
(278, 'error', 'In quia eum vel quibusdam molestiae natus odit. Dignissimos quia assumenda sunt eos. Fuga qui tempore neque quam dolorum. Aut omnis ipsa fugiat eum.', 828, 3, 8, '2019-04-14 10:18:10', '2019-04-14 10:18:10'),
(279, 'id', 'Quisquam eos perspiciatis quis nihil mollitia quia. Qui voluptate veritatis pariatur ut mollitia distinctio. Quo ipsum illo sit esse velit labore nam iure.', 437, 5, 29, '2019-04-14 10:18:10', '2019-04-14 10:18:10'),
(280, 'fuga', 'Et et consequatur dicta esse et. Rerum molestiae exercitationem perferendis vero et. Dignissimos dolores incidunt quia quisquam eum et enim ea.', 915, 7, 18, '2019-04-14 10:18:10', '2019-04-14 10:18:10'),
(281, 'dolor', 'Esse tempora minus quae ut. Consectetur quos quia officiis tenetur optio iure. Doloribus et quo earum vel nam voluptatem. Vel sint minus error sit.', 335, 8, 8, '2019-04-14 10:18:10', '2019-04-14 10:18:10'),
(282, 'amet', 'Qui architecto nobis sed. Ut iusto nobis beatae tempora aut temporibus nihil voluptas. Ut optio molestiae dolorem voluptatum et.', 459, 3, 15, '2019-04-14 10:18:11', '2019-04-14 10:18:11'),
(283, 'quisquam', 'Aut est quasi autem. Sed culpa quia quia. Nostrum totam est aliquid reiciendis eum repudiandae.', 494, 1, 4, '2019-04-14 10:18:11', '2019-04-14 10:18:11'),
(284, 'nihil', 'Totam nobis id illum vitae temporibus doloribus repudiandae. Esse quis laudantium enim provident ad voluptatem. Quod sit optio aut molestias.', 745, 4, 16, '2019-04-14 10:18:11', '2019-04-14 10:18:11'),
(285, 'qui', 'Corrupti temporibus voluptates eligendi earum facere distinctio. Maxime quia et nihil nisi vero voluptatem. Placeat optio aut earum dolores tenetur ex molestiae.', 453, 7, 17, '2019-04-14 10:18:11', '2019-04-14 10:18:11'),
(286, 'soluta', 'Placeat distinctio sit recusandae minus. Officiis asperiores in quis blanditiis rerum.', 802, 8, 29, '2019-04-14 10:18:11', '2019-04-14 10:18:11'),
(287, 'sit', 'Saepe et aliquam unde exercitationem. Ullam qui dolorem molestias eum porro qui. Voluptatem quidem natus beatae nemo sit doloribus non.', 590, 1, 30, '2019-04-14 10:18:11', '2019-04-14 10:18:11'),
(288, 'magnam', 'Velit voluptatem veritatis qui est repellat. Incidunt molestiae ipsa nulla distinctio ab deserunt et facilis. Itaque qui possimus natus.', 842, 7, 25, '2019-04-14 10:18:11', '2019-04-14 10:18:11'),
(289, 'consequuntur', 'Cupiditate officia voluptatibus occaecati excepturi quis mollitia. Nisi eos harum rerum in et. Tempore quod dignissimos suscipit consequatur tempora officia.', 654, 7, 6, '2019-04-14 10:18:11', '2019-04-14 10:18:11'),
(290, 'quia', 'Eum accusantium quia dolores cum ea libero. Incidunt molestias voluptatem quas quis. Et aut molestiae optio atque aut unde.', 331, 4, 9, '2019-04-14 10:18:11', '2019-04-14 10:18:11'),
(291, 'nam', 'Architecto sit quam sunt ut voluptatibus est laborum. Eum ratione repudiandae optio reprehenderit nihil deleniti. Eum aut quibusdam velit ut dolorem vel quos. Aliquid maiores et magnam aut quia.', 750, 8, 24, '2019-04-14 10:18:11', '2019-04-14 10:18:11'),
(292, 'cumque', 'Dolores quasi et rerum iste expedita eos ea. Rerum porro dolores reprehenderit consequatur velit totam qui. Provident cupiditate eligendi blanditiis et iusto totam error.', 189, 8, 9, '2019-04-14 10:18:11', '2019-04-14 10:18:11'),
(293, 'aliquam', 'Quis distinctio in commodi voluptate aspernatur placeat. Corporis eum mollitia hic esse. Non maxime saepe ut suscipit ducimus. Suscipit corporis vitae sed dolorum ad. Non vitae corrupti excepturi repudiandae illum aut.', 130, 6, 9, '2019-04-14 10:18:11', '2019-04-14 10:18:11'),
(294, 'officiis', 'Eum et impedit fuga velit. Ullam quia quia sit non nihil doloribus amet. Blanditiis incidunt omnis ex quasi omnis.', 453, 7, 10, '2019-04-14 10:18:11', '2019-04-14 10:18:11'),
(295, 'ut', 'Voluptatem voluptatem et fugiat. Velit et et nemo omnis. Voluptatem non praesentium est consequatur deserunt ut nobis.', 748, 7, 5, '2019-04-14 10:18:12', '2019-04-14 10:18:12'),
(296, 'mollitia', 'Molestiae ut sed deserunt. Ut asperiores sequi fuga voluptatum exercitationem cum. Mollitia sequi excepturi corporis in non. Sint et et dolore repellat culpa.', 889, 7, 15, '2019-04-14 10:18:12', '2019-04-14 10:18:12'),
(297, 'porro', 'Quo officia aut hic architecto ipsa repudiandae porro. Consectetur alias et officia dolores consequuntur officia alias.', 954, 8, 12, '2019-04-14 10:18:12', '2019-04-14 10:18:12'),
(298, 'perferendis', 'Aut ea eligendi ullam porro hic. Perspiciatis perferendis dicta facilis et itaque incidunt. Accusamus est enim soluta ea quas perspiciatis rerum. Voluptates voluptatibus vitae qui praesentium sint natus.', 780, 5, 13, '2019-04-14 10:18:12', '2019-04-14 10:18:12'),
(299, 'vero', 'Aliquid eveniet sunt facere voluptatem. Quidem culpa in veritatis. Accusantium illo accusamus aperiam et blanditiis qui et.', 209, 6, 9, '2019-04-14 10:18:12', '2019-04-14 10:18:12'),
(300, 'aut', 'Nihil quod illum blanditiis aut fugit dolorem ea. Ullam fuga dolores dolorum et omnis deserunt. Aperiam iste rerum vitae libero adipisci omnis culpa.', 510, 6, 29, '2019-04-14 10:18:12', '2019-04-14 10:18:12'),
(301, 'sunt', 'Non ex omnis harum consequatur. Et laboriosam debitis dolorum architecto. Facere est pariatur incidunt veritatis exercitationem rem nostrum.', 966, 9, 27, '2019-04-14 10:38:31', '2019-04-14 10:38:31'),
(302, 'autem', 'Laudantium nemo doloribus at officia nisi. Earum facilis aspernatur eaque repellendus. Omnis qui eius doloremque. Magnam quos dolorem sed aliquid nesciunt. Aut quia iste placeat.', 465, 9, 8, '2019-04-14 10:38:31', '2019-04-14 10:38:31'),
(303, 'repellendus', 'Dolorem repudiandae eveniet explicabo ut porro suscipit rem accusamus. Quam voluptatibus ea omnis quis. Aut nesciunt hic et vel impedit quam aut. Ratione illum at sequi dignissimos. Enim sed perspiciatis a suscipit.', 141, 8, 18, '2019-04-14 10:38:32', '2019-04-14 10:38:32'),
(304, 'tempora', 'Exercitationem qui voluptatem explicabo quaerat possimus vero blanditiis. Id aut ullam accusantium molestias. Est vel voluptate consequatur aut. Quia illum mollitia sequi earum temporibus.', 751, 7, 24, '2019-04-14 10:38:32', '2019-04-14 10:38:32'),
(305, 'harum', 'Inventore quisquam ex non asperiores laudantium rem. Impedit autem temporibus saepe accusamus voluptatibus voluptates. Molestias exercitationem incidunt qui voluptas.', 337, 3, 5, '2019-04-14 10:38:32', '2019-04-14 10:38:32'),
(306, 'dignissimos', 'Aperiam quibusdam quas maxime quia incidunt. Sed voluptas aut incidunt non eos harum porro. Excepturi nostrum qui quo libero vero. Totam beatae aperiam nostrum omnis autem ab quidem.', 778, 2, 13, '2019-04-14 10:38:32', '2019-04-14 10:38:32'),
(307, 'fuga', 'Est ut minima quia amet. Quos velit voluptatem aut vel aut ea. Sed sunt ullam est quia nisi consectetur.', 166, 1, 27, '2019-04-14 10:38:32', '2019-04-14 10:38:32'),
(308, 'sed', 'Possimus reprehenderit sed omnis. Assumenda libero magnam aut sint ab voluptates. Minima iusto iure soluta sint aut. Voluptatum incidunt perspiciatis ut voluptatem minus nisi.', 322, 1, 24, '2019-04-14 10:38:32', '2019-04-14 10:38:32'),
(309, 'eveniet', 'Nihil qui aspernatur ipsum aspernatur. Corrupti quas aut cupiditate culpa ipsam. Ut explicabo quaerat deleniti quis nisi omnis laboriosam. Magnam esse aut laudantium nobis.', 642, 8, 5, '2019-04-14 10:38:32', '2019-04-14 10:38:32'),
(310, 'corporis', 'Et sint expedita id sint. Doloribus sequi alias est eum voluptas. Adipisci enim consequuntur eveniet reiciendis corrupti minus unde quae. Voluptas recusandae delectus architecto est corporis magni. Error hic et consectetur quia non sed.', 144, 9, 10, '2019-04-14 10:38:32', '2019-04-14 10:38:32'),
(311, 'molestias', 'Qui quam voluptate et omnis eius accusamus. Quod quia veniam blanditiis dolores sit repudiandae voluptas.', 105, 7, 28, '2019-04-14 10:38:32', '2019-04-14 10:38:32'),
(312, 'quidem', 'At incidunt veniam enim qui praesentium. Fuga quam et quia ad ipsum numquam quia. Cumque dolores et dolor odio qui sint.', 993, 2, 16, '2019-04-14 10:38:32', '2019-04-14 10:38:32'),
(313, 'dolor', 'Deserunt vel officia impedit quia fugiat animi dolor dolorum. Dolores recusandae incidunt earum. Voluptatem eum ex mollitia totam fuga suscipit. Omnis velit ut repudiandae omnis.', 343, 5, 14, '2019-04-14 10:38:32', '2019-04-14 10:38:32'),
(314, 'nostrum', 'Vitae architecto maxime tempore recusandae qui. Accusantium atque quae consequatur earum sint. Laboriosam nihil excepturi sed laudantium sunt eum consequatur. Consequatur eaque aut voluptas omnis. Sequi architecto neque deserunt.', 202, 1, 7, '2019-04-14 10:38:32', '2019-04-14 10:38:32'),
(315, 'ad', 'Id animi maiores voluptatem repudiandae explicabo. Quaerat assumenda dolorem cum et vel accusamus. Sunt numquam et commodi vel dolores est facilis. Sit saepe distinctio facilis sint non commodi.', 154, 1, 10, '2019-04-14 10:38:33', '2019-04-14 10:38:33'),
(316, 'ut', 'Nulla earum asperiores ipsa blanditiis modi. Earum enim molestiae molestiae deserunt. Iusto dolorem et magnam aperiam.', 173, 9, 11, '2019-04-14 10:38:33', '2019-04-14 10:38:33'),
(317, 'non', 'Maiores exercitationem impedit possimus quam illo facere minus officiis. Adipisci consequatur voluptas dolor quia nemo dolore dolore.', 762, 7, 7, '2019-04-14 10:38:33', '2019-04-14 10:38:33'),
(318, 'necessitatibus', 'Blanditiis est ratione eos nam dolores excepturi consectetur. Iure sit id voluptas nam et eveniet quia. Velit in architecto est veritatis. Aut tempore est alias vel molestiae.', 379, 7, 14, '2019-04-14 10:38:33', '2019-04-14 10:38:33'),
(319, 'voluptates', 'Quis id nam eum esse rerum. Impedit asperiores et doloremque pariatur dolorem consequuntur. Rerum minima iusto ab eaque blanditiis.', 875, 1, 14, '2019-04-14 10:38:33', '2019-04-14 10:38:33'),
(320, 'fuga', 'Aut explicabo et recusandae quas omnis. Officiis sint sit tenetur beatae id doloribus. Aut consectetur laudantium laboriosam sunt praesentium possimus et pariatur.', 739, 5, 22, '2019-04-14 10:38:33', '2019-04-14 10:38:33'),
(321, 'nihil', 'Ullam mollitia voluptas neque earum dicta sed adipisci id. Perspiciatis nihil qui doloribus necessitatibus aut labore consequatur. Et iste earum non qui architecto nobis exercitationem est. Fugit aut labore delectus ex sed ipsam.', 662, 7, 5, '2019-04-14 10:38:33', '2019-04-14 10:38:33'),
(322, 'dolorem', 'Repellat laudantium ullam minus est delectus. Nemo modi consectetur minus temporibus officiis sit eos. Et libero minus ut.', 694, 5, 10, '2019-04-14 10:38:33', '2019-04-14 10:38:33'),
(323, 'delectus', 'Dolores deleniti earum qui unde. Sit ut nihil iste qui quaerat velit saepe. Impedit aut cum porro enim.', 560, 6, 23, '2019-04-14 10:38:33', '2019-04-14 10:38:33'),
(324, 'similique', 'Quia natus inventore laborum maxime impedit velit eligendi. Temporibus delectus ipsum sint aspernatur natus quis cumque vel. Sequi totam temporibus exercitationem perferendis ut voluptatum iure. Quae architecto enim numquam a. Perspiciatis nemo animi laboriosam.', 399, 2, 4, '2019-04-14 10:38:33', '2019-04-14 10:38:33'),
(325, 'possimus', 'At aliquam enim quaerat odit voluptatem. Atque voluptatem iusto ut est omnis commodi.', 318, 2, 6, '2019-04-14 10:38:33', '2019-04-14 10:38:33'),
(326, 'libero', 'Laborum ex animi illo libero harum enim ducimus. Exercitationem et est sed voluptatibus delectus aut officiis. Maiores qui et in id. Atque velit excepturi non esse optio. Eaque iusto minima modi ut.', 372, 9, 9, '2019-04-14 10:38:33', '2019-04-14 10:38:33'),
(327, 'optio', 'Aut modi aliquam debitis distinctio voluptas sint placeat fuga. Recusandae id odio nemo nemo consequuntur et. Possimus voluptates quibusdam a ut occaecati ab. Vel placeat esse dignissimos sit qui.', 935, 6, 16, '2019-04-14 10:38:34', '2019-04-14 10:38:34'),
(328, 'natus', 'Velit qui atque ullam quibusdam eveniet sint corporis. Impedit velit et veniam totam voluptatem et accusantium aut. Aut aut fugit est quae doloribus voluptas qui voluptatem.', 929, 7, 24, '2019-04-14 10:38:34', '2019-04-14 10:38:34'),
(329, 'aut', 'Quia voluptate vel aut quasi facere. Amet consequatur non fuga repudiandae dolores aliquam. Et est laboriosam non maxime. Non iure fugiat pariatur laboriosam veritatis.', 596, 8, 9, '2019-04-14 10:38:34', '2019-04-14 10:38:34'),
(330, 'praesentium', 'Perferendis dolores eos sed quo ut nesciunt rerum et. Perferendis tempora dolorem consequatur voluptas dolor aut. Ullam omnis ut necessitatibus aliquid ut nihil. Et voluptate dolores eum. Consequuntur rerum amet voluptatem unde iusto omnis quis vel.', 155, 8, 11, '2019-04-14 10:38:34', '2019-04-14 10:38:34'),
(331, 'commodi', 'Et vel quis et inventore dolores ut sed. Porro aliquid omnis esse omnis. Perspiciatis illum beatae nihil. Omnis sit maxime voluptas quia.', 342, 4, 2, '2019-04-14 10:38:34', '2019-04-14 10:38:34'),
(332, 'voluptatem', 'Omnis sunt rerum dolores consequatur. Est et fuga perferendis occaecati et repudiandae. Nostrum sit quae quo commodi aut.', 679, 6, 16, '2019-04-14 10:38:34', '2019-04-14 10:38:34'),
(333, 'est', 'Veniam ea laboriosam sit est. Voluptas fuga omnis voluptas cum. Distinctio modi nulla nulla voluptates facere iusto. Asperiores porro nisi quos et magnam.', 471, 1, 26, '2019-04-14 10:38:34', '2019-04-14 10:38:34'),
(334, 'et', 'Maiores qui iste est amet omnis. Mollitia voluptatum ducimus sit ipsum quo minima aut. Quibusdam iste quo earum sunt earum expedita possimus. Corrupti non aliquam est aut neque nobis quisquam. Aspernatur sit culpa cum ut.', 695, 2, 14, '2019-04-14 10:38:34', '2019-04-14 10:38:34'),
(335, 'consequatur', 'Quibusdam et tenetur cum dolor asperiores ratione. Nostrum dicta omnis illum dolores impedit.', 399, 0, 19, '2019-04-14 10:38:34', '2019-04-14 10:38:34'),
(336, 'est', 'Molestias iure qui quasi et. Consequatur unde et dicta eligendi vero.', 432, 8, 30, '2019-04-14 10:38:34', '2019-04-14 10:38:34'),
(337, 'fugit', 'Quidem et quasi id error quo magni. Rerum assumenda explicabo quibusdam omnis sed. Eos veritatis hic est fugiat illo et. Repellat odio non sint est porro adipisci occaecati.', 555, 0, 28, '2019-04-14 10:38:34', '2019-04-14 10:38:34'),
(338, 'et', 'Vitae at eum placeat possimus qui. Modi natus alias qui non.', 233, 0, 15, '2019-04-14 10:38:34', '2019-04-14 10:38:34'),
(339, 'consequatur', 'Quas laudantium sequi expedita occaecati ducimus eum est. Ullam tempore expedita ipsa corrupti qui totam. Minus necessitatibus nihil omnis repellendus sit quod. Numquam corporis nemo vero reprehenderit.', 790, 6, 12, '2019-04-14 10:38:34', '2019-04-14 10:38:34'),
(340, 'voluptates', 'Adipisci perferendis magni similique ducimus. Voluptatibus quidem sequi suscipit aut similique nostrum perferendis commodi. Qui officia praesentium pariatur incidunt qui occaecati.', 673, 7, 9, '2019-04-14 10:38:35', '2019-04-14 10:38:35'),
(341, 'blanditiis', 'Sunt et dolor necessitatibus nulla molestias. Modi officiis repudiandae suscipit est. Autem et corporis dolorem tenetur ipsam mollitia molestiae.', 359, 9, 28, '2019-04-14 10:38:35', '2019-04-14 10:38:35'),
(342, 'beatae', 'Dolores non nostrum quaerat pariatur. Vel quos quasi sit nemo omnis omnis est. Repellendus quam nulla aliquam deleniti illum facere dolorem. Et dolores tempore eos qui consequatur.', 972, 5, 26, '2019-04-14 10:38:35', '2019-04-14 10:38:35'),
(343, 'sint', 'Aut tenetur aut accusantium est. Itaque est quas illum labore. Tenetur in laboriosam qui dolores.', 220, 8, 27, '2019-04-14 10:38:35', '2019-04-14 10:38:35'),
(344, 'assumenda', 'Aut pariatur minus ut nihil voluptates nisi error. Sed tempora sequi harum dicta sit et asperiores aperiam. Amet hic qui sit ducimus. Quia porro consectetur nisi quisquam suscipit.', 579, 2, 22, '2019-04-14 10:38:35', '2019-04-14 10:38:35'),
(345, 'a', 'Veniam voluptatem vel quae error et mollitia dolorem. Omnis dolorem necessitatibus adipisci dolores. Voluptatibus aut et voluptatem mollitia veniam. Sed voluptates dolor nesciunt aut.', 966, 3, 4, '2019-04-14 10:38:35', '2019-04-14 10:38:35'),
(346, 'illo', 'Sit et aperiam asperiores sunt aut perspiciatis. Nobis magni et earum sed ea exercitationem. Ipsum laboriosam consectetur delectus sed.', 960, 0, 15, '2019-04-14 10:38:35', '2019-04-14 10:38:35'),
(347, 'cupiditate', 'Animi quia ut libero iusto quis vel vitae. Amet vel alias amet corporis. Quis alias aliquam non sit natus debitis in.', 384, 7, 22, '2019-04-14 10:38:35', '2019-04-14 10:38:35'),
(348, 'laboriosam', 'Qui reiciendis magni enim perspiciatis consequuntur omnis ut eveniet. Illo eum ratione ut natus eaque. Quia quibusdam ipsam dolores officia. Minus saepe ducimus sunt placeat enim dolorum fugit.', 252, 3, 19, '2019-04-14 10:38:35', '2019-04-14 10:38:35'),
(349, 'sed', 'Nobis voluptatem porro quia eaque pariatur. Et doloribus natus incidunt et et. Esse voluptas iusto qui possimus atque nisi. Id magni consequuntur libero.', 694, 9, 16, '2019-04-14 10:38:35', '2019-04-14 10:38:35'),
(350, 'perferendis', 'Doloremque asperiores velit voluptatem alias necessitatibus quia architecto eum. Doloribus est odit quis in ea numquam voluptatem doloribus. Eos eum exercitationem odit perspiciatis.', 956, 1, 24, '2019-04-14 10:38:35', '2019-04-14 10:38:35');

-- --------------------------------------------------------

--
-- Table structure for table `reviews`
--

CREATE TABLE `reviews` (
  `id` int(10) UNSIGNED NOT NULL,
  `product_id` int(10) UNSIGNED NOT NULL,
  `customer` varchar(191) COLLATE utf8mb4_unicode_ci NOT NULL,
  `review` text COLLATE utf8mb4_unicode_ci NOT NULL,
  `star` int(11) NOT NULL,
  `created_at` timestamp NULL DEFAULT NULL,
  `updated_at` timestamp NULL DEFAULT NULL
) ENGINE=InnoDB DEFAULT CHARSET=utf8mb4 COLLATE=utf8mb4_unicode_ci;

--
-- Dumping data for table `reviews`
--

INSERT INTO `reviews` (`id`, `product_id`, `customer`, `review`, `star`, `created_at`, `updated_at`) VALUES
(1, 314, 'Jerel Brekke DVM', 'Sit aut magni necessitatibus aut rerum consequuntur. Voluptatum quia sint omnis natus vitae. Esse quisquam quia iure voluptatum qui fuga ullam. Omnis ut nulla consequuntur iusto quam. Veniam inventore quis nesciunt quia aut adipisci provident.', 5, '2019-04-14 10:38:42', '2019-04-14 10:38:42'),
(2, 144, 'Murray DuBuque', 'Maxime aut doloribus enim fuga molestiae quae deserunt. Totam voluptas voluptas animi sed voluptatibus et quia eos. Sunt non vitae cumque necessitatibus earum.', 4, '2019-04-14 10:38:42', '2019-04-14 10:38:42'),
(3, 58, 'Danny Lakin', 'Impedit perspiciatis dolores ut dolorem. Aut et ut quis optio quia ea. Sint est quis doloribus architecto provident saepe dicta. Ipsa ea illum odio ea et rerum nihil autem.', 2, '2019-04-14 10:38:42', '2019-04-14 10:38:42'),
(4, 84, 'Kristina Hodkiewicz', 'Id neque non quo sint cupiditate voluptatem dolore nesciunt. Placeat ratione eligendi sapiente ipsa sit eius. Quae voluptatibus quaerat assumenda qui et. Laboriosam ut aut sunt quam perspiciatis omnis cupiditate.', 4, '2019-04-14 10:38:42', '2019-04-14 10:38:42'),
(5, 206, 'Sienna Morar', 'Maiores soluta deserunt veniam. Autem voluptas qui eum non quas quas. Sunt cumque fuga quas qui. Porro est odit et natus consequatur dolores exercitationem expedita. Minus illo magni qui necessitatibus voluptatem.', 1, '2019-04-14 10:38:42', '2019-04-14 10:38:42'),
(6, 130, 'Jamal Stokes', 'Numquam est doloribus unde maiores maiores. Numquam est vel repellendus rerum in laborum vel. Voluptatem sapiente pariatur omnis odit qui et ab accusantium.', 0, '2019-04-14 10:38:42', '2019-04-14 10:38:42'),
(7, 121, 'Dr. Darian Schowalter DVM', 'Repellat mollitia at dignissimos voluptatem. Magni ipsa consequuntur eos quia rerum. Doloremque dolore praesentium molestiae.', 3, '2019-04-14 10:38:42', '2019-04-14 10:38:42'),
(8, 164, 'Jules Kuhn Jr.', 'Beatae aut velit sit quia. Quos laborum praesentium veniam. Non saepe autem sapiente hic. Consequatur aliquid nam nemo architecto dolorem vitae.', 1, '2019-04-14 10:38:42', '2019-04-14 10:38:42'),
(9, 82, 'Bethany Jakubowski IV', 'Quibusdam neque nemo sint. Voluptatem eveniet magnam totam eum et repellat. Illo ut vitae itaque est labore qui consequatur ducimus.', 3, '2019-04-14 10:38:42', '2019-04-14 10:38:42'),
(10, 255, 'Rahsaan Parker', 'Molestiae voluptas nam atque ex saepe officia. Enim odit ipsam commodi. Expedita omnis sunt autem consequuntur sit reiciendis.', 5, '2019-04-14 10:38:42', '2019-04-14 10:38:42'),
(11, 131, 'Lucas Bosco', 'Ea aut pariatur inventore corporis. Impedit eligendi perferendis eos. Magnam aliquam magni natus soluta dolor.', 0, '2019-04-14 10:38:42', '2019-04-14 10:38:42'),
(12, 70, 'Ivy Morissette', 'Rerum autem iusto corrupti. Commodi tempore corrupti qui quia.', 1, '2019-04-14 10:38:43', '2019-04-14 10:38:43'),
(13, 123, 'Ms. Lexie Medhurst Jr.', 'Earum ullam placeat qui ab accusamus culpa excepturi. Voluptatem dolor amet vero aut eius occaecati. Corrupti dolorem itaque repudiandae eum consequatur.', 3, '2019-04-14 10:38:43', '2019-04-14 10:38:43'),
(14, 196, 'Austen Von', 'Eos temporibus itaque dolorem saepe quibusdam molestias omnis. Adipisci explicabo voluptas atque delectus suscipit. Totam voluptas unde et amet et.', 3, '2019-04-14 10:38:43', '2019-04-14 10:38:43'),
(15, 39, 'Jordon Hilpert', 'Impedit ut numquam quibusdam tempora et consequatur. Velit temporibus quis quam quod perferendis.', 1, '2019-04-14 10:38:43', '2019-04-14 10:38:43'),
(16, 43, 'Sterling Lind', 'Rerum quis quod dolore laboriosam laudantium doloremque commodi aut. Molestias non incidunt beatae. Odio qui sunt eligendi consequatur sunt in nisi. Magnam modi tempore voluptas molestias dignissimos sunt.', 1, '2019-04-14 10:38:43', '2019-04-14 10:38:43'),
(17, 191, 'Boris Buckridge', 'Voluptatem eligendi natus consectetur. Architecto omnis incidunt voluptatem neque aut omnis. Velit est voluptatem facilis laborum aut sapiente odit qui.', 4, '2019-04-14 10:38:43', '2019-04-14 10:38:43'),
(18, 96, 'Garnett Davis', 'Numquam quos blanditiis molestias. Dolorem explicabo voluptates dolores et porro cupiditate.', 1, '2019-04-14 10:38:43', '2019-04-14 10:38:43'),
(19, 300, 'Eda Padberg', 'Consectetur animi consequatur et commodi consequatur quia. Id doloremque eligendi porro et incidunt. Nemo excepturi et corporis vero et sit saepe tenetur.', 0, '2019-04-14 10:38:43', '2019-04-14 10:38:43'),
(20, 72, 'Scottie Kuvalis', 'Cumque voluptate neque praesentium qui. Eos maxime quaerat minima accusamus ex atque.', 3, '2019-04-14 10:38:43', '2019-04-14 10:38:43'),
(21, 278, 'Christ Hayes', 'Quis enim minima architecto temporibus quos aut. Expedita sint quibusdam ut corporis optio voluptatem. Fugit qui provident odio quae dolore incidunt. Cumque perspiciatis dolorem ut voluptas dolore cum occaecati.', 1, '2019-04-14 10:38:43', '2019-04-14 10:38:43'),
(22, 8, 'Miss Priscilla Sipes', 'Pariatur in et enim ut repellat suscipit est ut. Qui aliquam praesentium expedita explicabo tempora ab. Eum magni est id repellat ea. Quam ut tempore ad nihil.', 0, '2019-04-14 10:38:43', '2019-04-14 10:38:43'),
(23, 62, 'Mrs. Ramona Rutherford V', 'Suscipit dolore molestias officia soluta assumenda aut. Ducimus commodi voluptatibus suscipit id nihil sequi non ducimus. Ex excepturi in officiis ea.', 1, '2019-04-14 10:38:43', '2019-04-14 10:38:43'),
(24, 51, 'Wilton Glover V', 'Corrupti sequi voluptatem similique quod iste rerum quam. Quo voluptatem commodi amet quasi officia. Atque vitae omnis similique aut. Quaerat odit ea nam non.', 2, '2019-04-14 10:38:43', '2019-04-14 10:38:43'),
(25, 157, 'Mrs. Laurence Welch', 'Et temporibus amet qui dolorem voluptatum consequatur accusamus. Doloribus et voluptate consequatur voluptas odit facilis ratione. Sed tempora qui nostrum necessitatibus.', 2, '2019-04-14 10:38:43', '2019-04-14 10:38:43'),
(26, 271, 'Ashton Reichert PhD', 'Vitae quos deleniti laboriosam rerum beatae totam. Ut laboriosam totam placeat veniam quibusdam quibusdam. Adipisci tempora debitis ut maxime cum. Suscipit aut ea non eius id.', 2, '2019-04-14 10:38:44', '2019-04-14 10:38:44'),
(27, 291, 'Abraham Fay DDS', 'Dignissimos exercitationem magni placeat rem deserunt. Voluptas doloremque autem quis vel. Qui porro ipsam itaque mollitia sequi sequi qui. Fuga ut id eveniet voluptatem alias quis.', 2, '2019-04-14 10:38:44', '2019-04-14 10:38:44'),
(28, 282, 'Dr. Wilma Carter', 'Nisi doloremque eligendi veritatis officiis expedita fuga beatae. Dignissimos molestias fuga a omnis non. Voluptas voluptatum cum molestias.', 3, '2019-04-14 10:38:44', '2019-04-14 10:38:44'),
(29, 136, 'Simone Mosciski I', 'Voluptas sapiente excepturi at illo. Ut perspiciatis nihil qui laboriosam consequuntur. In similique sapiente rerum quia alias nam.', 5, '2019-04-14 10:38:44', '2019-04-14 10:38:44'),
(30, 189, 'Prof. Bradford Gerhold I', 'Laborum iste omnis dolor maxime veniam et et. Nihil minima autem ratione beatae. Porro quibusdam sed consectetur. Sint dolorem et aut voluptatem et aliquid et.', 4, '2019-04-14 10:38:44', '2019-04-14 10:38:44'),
(31, 247, 'Dr. Soledad Frami Sr.', 'Veritatis ut pariatur ex maxime dolor nostrum laudantium explicabo. Aut et sed quis pariatur dicta recusandae beatae. Beatae maxime qui fugiat. Voluptatibus ab est quos voluptate voluptatum et id.', 1, '2019-04-14 10:38:44', '2019-04-14 10:38:44'),
(32, 268, 'Jaleel Spencer Jr.', 'Voluptas placeat dolorem ad laudantium harum vel. Dolorem quam id sunt quis cum omnis dolor. Maiores expedita voluptas commodi voluptatem dolor qui. Ut alias voluptate voluptatem iusto commodi labore dignissimos possimus.', 3, '2019-04-14 10:38:44', '2019-04-14 10:38:44'),
(33, 307, 'Mr. Forrest Ziemann', 'Cum ut inventore adipisci velit. Quis ullam veritatis sit illo. Quia provident assumenda rem dolor corrupti ratione ratione sed. Consequuntur inventore optio possimus.', 4, '2019-04-14 10:38:44', '2019-04-14 10:38:44'),
(34, 216, 'Marietta Heller', 'Esse iste sed dolorem et quibusdam assumenda. Exercitationem illum ipsa aut non. Consequatur corporis reiciendis error in voluptatem aut.', 3, '2019-04-14 10:38:44', '2019-04-14 10:38:44'),
(35, 8, 'Mrs. Janis Leannon Sr.', 'Qui optio modi aut suscipit voluptate qui. Alias eum omnis velit dolor quisquam. Vel nulla asperiores accusamus neque eum iste sed aliquid.', 4, '2019-04-14 10:38:44', '2019-04-14 10:38:44'),
(36, 301, 'Barry Blick', 'Corporis voluptates sapiente delectus ut sit repudiandae quibusdam. Non quas molestiae accusantium expedita sunt eos corporis aliquam. Ullam labore rerum tempore eligendi ipsa adipisci in.', 0, '2019-04-14 10:38:44', '2019-04-14 10:38:44'),
(37, 122, 'Fay Skiles', 'Blanditiis quia aut possimus aut est quis omnis natus. Voluptatem minima vero reiciendis tempora. Sapiente beatae voluptates sunt necessitatibus omnis cum.', 1, '2019-04-14 10:38:44', '2019-04-14 10:38:44'),
(38, 243, 'Georgianna Murray V', 'Ullam aut ipsum vel et ea ab laborum asperiores. Aperiam natus suscipit unde illo laudantium ea. Ex non culpa deleniti. Neque et accusamus sit voluptate beatae in.', 3, '2019-04-14 10:38:44', '2019-04-14 10:38:44'),
(39, 208, 'Mrs. Ara McKenzie Sr.', 'Consectetur eveniet dolor autem ex ut dicta. Architecto labore molestiae quasi libero excepturi et qui quis. Non aut qui corrupti quaerat cum. Dignissimos et maxime asperiores qui tempore consequatur.', 2, '2019-04-14 10:38:44', '2019-04-14 10:38:44'),
(40, 267, 'Marcus Kozey', 'Eligendi velit optio cumque voluptas suscipit sequi. In sed sit qui quis et nihil sit. Doloribus ea labore aut voluptatem magni.', 2, '2019-04-14 10:38:45', '2019-04-14 10:38:45'),
(41, 240, 'Breanne Brakus', 'Quibusdam dolor soluta nihil consequatur et quia qui. Ut ut placeat quo quidem ut omnis. Placeat ut nemo rerum voluptas tempore. Et unde blanditiis molestiae molestiae consequuntur esse fugiat.', 5, '2019-04-14 10:38:45', '2019-04-14 10:38:45'),
(42, 232, 'Antoinette VonRueden', 'Facere autem sapiente aut dolorem. Omnis quidem non quibusdam non voluptatem praesentium accusantium. Mollitia eius rem explicabo. Corporis veniam ipsum ut ipsam voluptatibus doloribus voluptatum.', 5, '2019-04-14 10:38:45', '2019-04-14 10:38:45'),
(43, 104, 'Celine Rosenbaum', 'Eum recusandae perferendis fuga doloremque consectetur. Aut repudiandae ex earum est assumenda magnam dolor impedit. Iusto quo ad quas atque ipsum aut sapiente. Ea est aut aut quasi.', 5, '2019-04-14 10:38:45', '2019-04-14 10:38:45'),
(44, 104, 'Aimee O\'Connell', 'Aut itaque dignissimos tenetur error maiores pariatur. Nesciunt corporis a vero maxime repellendus. Aut et natus laborum est perspiciatis sequi ducimus. Expedita consequuntur autem et suscipit. Dolore quia vitae quod quo voluptatibus molestias commodi.', 1, '2019-04-14 10:38:45', '2019-04-14 10:38:45'),
(45, 78, 'Mrs. Demetris Heathcote III', 'Et est repudiandae eveniet et sit itaque laudantium. Mollitia voluptatibus qui quaerat animi et quis. Dolorem nostrum sint deleniti commodi.', 1, '2019-04-14 10:38:45', '2019-04-14 10:38:45'),
(46, 1, 'Dr. Earnestine Hartmann DVM', 'Rerum ea explicabo ea aut qui accusamus. Consequatur odit consectetur iste occaecati consequatur. Autem asperiores officia officiis neque corporis.', 4, '2019-04-14 10:38:45', '2019-04-14 10:38:45'),
(47, 341, 'Cyrus Maggio', 'Adipisci ad cupiditate nemo nostrum aut est. Quidem qui dolorum officiis rerum velit commodi. Facere veniam dolores repellat doloremque sequi sed. Ipsum exercitationem officia id velit.', 2, '2019-04-14 10:38:45', '2019-04-14 10:38:45'),
(48, 280, 'Dr. Lessie Robel', 'Quo qui qui non accusantium et aut aut. Ea placeat harum veniam suscipit sunt debitis velit.', 0, '2019-04-14 10:38:45', '2019-04-14 10:38:45'),
(49, 102, 'Ramona Medhurst', 'Ut sequi ducimus molestiae. Nam eos illo esse suscipit saepe aut debitis. Iste dolorem distinctio distinctio ipsum.', 0, '2019-04-14 10:38:45', '2019-04-14 10:38:45'),
(50, 102, 'Benny Ullrich', 'Quam illum sunt harum enim. Qui autem fugit iusto hic asperiores cupiditate. Vitae nostrum optio itaque voluptatum eius vero quia.', 1, '2019-04-14 10:38:45', '2019-04-14 10:38:45'),
(51, 150, 'Lavinia Rau', 'Assumenda omnis rerum quae vel quia. Iusto aut non cupiditate voluptatem qui.', 2, '2019-04-14 10:38:45', '2019-04-14 10:38:45'),
(52, 299, 'Miss Alessandra Tromp', 'Dolorum commodi repellat sed odio distinctio. Molestiae maxime exercitationem odit.', 1, '2019-04-14 10:38:45', '2019-04-14 10:38:45'),
(53, 318, 'Annamarie Sanford', 'Magni voluptates enim magnam molestias. Aut illum aliquam quos ipsa veritatis consectetur dolores. Est molestiae non eum cumque. Aut vel illo et earum velit.', 4, '2019-04-14 10:38:45', '2019-04-14 10:38:45'),
(54, 323, 'Loy Schumm', 'Nemo distinctio beatae consequatur molestiae sapiente omnis. Repellendus consequatur quisquam odit sunt. Provident consequuntur quidem sint architecto.', 1, '2019-04-14 10:38:45', '2019-04-14 10:38:45'),
(55, 226, 'Lloyd Monahan', 'Maxime doloribus natus amet distinctio sint. Qui accusantium vitae qui modi perspiciatis molestiae quidem autem. Voluptas maxime libero officiis voluptatem quia et alias.', 5, '2019-04-14 10:38:46', '2019-04-14 10:38:46'),
(56, 80, 'Willis Johnson', 'Dolorum totam molestiae in tempora dolorem assumenda. Deleniti occaecati doloremque vero magnam vel minus debitis. Consequatur et sit enim similique est. Facilis sed eum occaecati.', 5, '2019-04-14 10:38:46', '2019-04-14 10:38:46'),
(57, 11, 'Jovani Renner', 'Dignissimos placeat et commodi quod porro in possimus. Delectus molestiae dolore aspernatur et.', 3, '2019-04-14 10:38:46', '2019-04-14 10:38:46'),
(58, 221, 'Makenna Barrows', 'Illo rerum hic molestias sint eligendi. Sint cumque ut enim nobis unde dolorem et. Quam ut nemo ea ut impedit repudiandae.', 4, '2019-04-14 10:38:46', '2019-04-14 10:38:46'),
(59, 22, 'Miss Kaylie Thompson IV', 'Ipsa vero ullam ex in iusto eaque consequatur. Voluptate unde et velit. Eos rerum in ullam aliquam explicabo aperiam. Repellendus enim sed illo beatae repellat dolorem cumque.', 4, '2019-04-14 10:38:46', '2019-04-14 10:38:46'),
(60, 208, 'Heloise Dooley DDS', 'Maiores velit amet sunt. Doloremque voluptatem fuga officiis excepturi quia. Eum ullam in quia delectus aut et.', 3, '2019-04-14 10:38:46', '2019-04-14 10:38:46'),
(61, 307, 'Genoveva Witting', 'Impedit aspernatur maiores officiis occaecati sunt. Esse omnis quo sunt vitae facilis blanditiis omnis.', 4, '2019-04-14 10:38:46', '2019-04-14 10:38:46'),
(62, 192, 'Casimer Walker', 'Optio sed quisquam at harum id qui. Nulla earum ullam dolore eveniet earum. A excepturi eos fugit esse velit aliquam reprehenderit at. Consequatur autem est autem eligendi.', 5, '2019-04-14 10:38:46', '2019-04-14 10:38:46'),
(63, 46, 'Melany Crist', 'In dolor et aut aspernatur sit quam alias. Ea ad laborum maiores quaerat magni. Quidem asperiores officiis nam cumque delectus aut.', 5, '2019-04-14 10:38:46', '2019-04-14 10:38:46'),
(64, 217, 'Kari Bruen I', 'Est aut maxime et perferendis id harum omnis. Nulla sed neque consequatur saepe molestias quo. Sed exercitationem quidem sed qui commodi delectus voluptatem. Laudantium nisi vero nemo odit maxime aliquid. Aut alias iste quia suscipit nihil excepturi suscipit quia.', 2, '2019-04-14 10:38:46', '2019-04-14 10:38:46'),
(65, 198, 'Bailey Gleason', 'Placeat dolores voluptatem quas qui dolorem eius. Non recusandae occaecati dolore nisi fugiat id labore. Quidem perferendis quam exercitationem qui adipisci quia.', 5, '2019-04-14 10:38:46', '2019-04-14 10:38:46'),
(66, 332, 'Miss Joanne Lesch Jr.', 'Molestiae nam repudiandae dolore. Asperiores quo iusto quis ipsum possimus pariatur. Aut non eligendi ut nobis omnis nostrum. Optio vel molestiae ducimus beatae.', 2, '2019-04-14 10:38:46', '2019-04-14 10:38:46'),
(67, 125, 'Herta Turcotte Sr.', 'Voluptates amet accusamus voluptatum ullam. Odit modi eveniet ut ad cum reprehenderit expedita. Sit iure ut omnis totam accusamus. Aspernatur ea dolorem est et corrupti sequi voluptatem.', 2, '2019-04-14 10:38:46', '2019-04-14 10:38:46'),
(68, 346, 'Perry Jakubowski III', 'Id id eos culpa repellat. Doloremque sed iusto rem repudiandae cum enim. Maiores dolore maxime dolor fugiat et modi. Rerum sunt ut maxime provident provident quia.', 3, '2019-04-14 10:38:47', '2019-04-14 10:38:47'),
(69, 103, 'Providenci McDermott', 'Error ipsa natus quas quam et quisquam. Voluptatem enim vel aspernatur. Sit corrupti quia velit veniam eum nobis ut adipisci.', 3, '2019-04-14 10:38:47', '2019-04-14 10:38:47'),
(70, 256, 'Mr. Rodger Quigley', 'Et consequuntur eligendi et nulla omnis. Itaque voluptatem unde sed cum. Voluptas quasi minus nam sed excepturi. Error et repudiandae labore asperiores.', 4, '2019-04-14 10:38:47', '2019-04-14 10:38:47'),
(71, 234, 'Delphine Marks', 'Voluptate omnis mollitia in. Reiciendis voluptatum dolores magnam voluptatem. Temporibus atque inventore atque voluptate similique modi molestiae.', 4, '2019-04-14 10:38:47', '2019-04-14 10:38:47'),
(72, 42, 'Mr. Hayden Hermiston DVM', 'Voluptatem magni expedita vero quia autem. Sequi officiis ipsum cum officia accusamus necessitatibus. Impedit mollitia mollitia et dolores numquam nihil. Libero repellat provident aliquid. Ipsa cumque nesciunt velit adipisci voluptas vel incidunt iusto.', 4, '2019-04-14 10:38:47', '2019-04-14 10:38:47'),
(73, 26, 'Rosalind Smitham', 'Facilis error tenetur eveniet in sunt aspernatur. Quam ut dignissimos dolor laboriosam nihil. Qui et id reprehenderit aut atque itaque cupiditate. Molestiae autem modi dolorem magni magnam. Et nesciunt est voluptas tempora qui mollitia dicta inventore.', 5, '2019-04-14 10:38:47', '2019-04-14 10:38:47'),
(74, 198, 'Pascale Leuschke', 'Sapiente dicta sit sint earum impedit velit. Alias recusandae inventore reprehenderit quae. Cupiditate itaque placeat veritatis quo quia autem quisquam velit. Eos commodi modi voluptatem nam minus ipsa.', 2, '2019-04-14 10:38:47', '2019-04-14 10:38:47'),
(75, 30, 'Mr. Forrest Kohler IV', 'Enim voluptas ut minus rerum. Itaque blanditiis molestias eaque dignissimos ipsum.', 1, '2019-04-14 10:38:47', '2019-04-14 10:38:47'),
(76, 249, 'Vicky Luettgen', 'Corporis officiis eum minima rerum quis. Quidem eaque et nisi corporis explicabo porro recusandae. Exercitationem expedita quae facilis voluptatibus omnis.', 3, '2019-04-14 10:38:47', '2019-04-14 10:38:47'),
(77, 282, 'Candice Champlin', 'Dolorem soluta eos perspiciatis sint consequatur id autem. Facilis magni nobis occaecati voluptas eum. Placeat dolor unde inventore reiciendis aut in.', 3, '2019-04-14 10:38:47', '2019-04-14 10:38:47'),
(78, 238, 'Allan Wolf II', 'Dolores rem dolorem velit autem quasi iste est. Quae illo tenetur ex iusto placeat sunt. Nobis eos cum est velit. Est est voluptas quisquam sequi et alias nesciunt. Et maiores sequi error ducimus et et laudantium.', 0, '2019-04-14 10:38:47', '2019-04-14 10:38:47'),
(79, 143, 'Prof. Ruben Cronin', 'Optio est praesentium et magnam velit ut. Voluptates molestias suscipit perferendis sapiente accusamus explicabo voluptatem. Quo autem cupiditate et commodi quia sint. Non et tenetur et numquam.', 0, '2019-04-14 10:38:47', '2019-04-14 10:38:47'),
(80, 101, 'Clement Bode DVM', 'Voluptatem error quisquam qui sit nemo aut. Et iusto a perferendis sit qui unde impedit. Aut ut rerum non velit optio ad itaque.', 0, '2019-04-14 10:38:47', '2019-04-14 10:38:47'),
(81, 346, 'Hans Windler IV', 'Et aut dolor quia qui nihil neque. Sint aliquid quis esse quia. Omnis sint iure et omnis.', 3, '2019-04-14 10:38:48', '2019-04-14 10:38:48'),
(82, 22, 'Prof. Lamont Maggio MD', 'Enim sit qui in deserunt et sit. Beatae quidem quae non in iste sunt dolorem. Voluptate et quia iure ratione. Voluptas nihil fugiat animi sequi cum. Non veritatis ea maxime animi optio.', 5, '2019-04-14 10:38:48', '2019-04-14 10:38:48'),
(83, 79, 'Osvaldo Howe', 'Qui delectus unde et et sed. Dolorum consequatur sapiente et voluptatem accusamus aut quod maxime. Sit qui dicta voluptatem cumque voluptatem rerum.', 5, '2019-04-14 10:38:48', '2019-04-14 10:38:48'),
(84, 29, 'Nikko Mohr', 'Officiis et aut aspernatur voluptas dolore. Repudiandae in id in eligendi qui fugit nisi. Sit dolores quaerat nam ipsa. Sunt eaque quas nostrum.', 0, '2019-04-14 10:38:48', '2019-04-14 10:38:48'),
(85, 84, 'Helmer Vandervort', 'Ratione sint voluptatibus consectetur. Magnam voluptas alias nesciunt dolor minima quisquam. Totam soluta hic officia saepe. Cum et ex ad vero velit.', 5, '2019-04-14 10:38:48', '2019-04-14 10:38:48'),
(86, 177, 'Karl Lakin', 'Quod harum magni ut labore. Repellendus delectus aspernatur sit molestiae cum dolorem.', 1, '2019-04-14 10:38:48', '2019-04-14 10:38:48'),
(87, 250, 'Amina Murphy', 'Maiores atque quia dignissimos sit adipisci temporibus voluptatem. Possimus perspiciatis et soluta vel sint quia.', 2, '2019-04-14 10:38:48', '2019-04-14 10:38:48'),
(88, 43, 'Geoffrey Greenholt IV', 'Nesciunt in ut sit aut. Hic veniam aut est eos quam quis aliquam corporis. Labore velit similique tempora culpa quam dolorem aut.', 1, '2019-04-14 10:38:48', '2019-04-14 10:38:48'),
(89, 87, 'Mr. Cesar Gutmann', 'Placeat provident iste architecto consequatur nemo dicta. Voluptas est ipsa voluptates dolore nostrum. Ut tenetur sequi id explicabo dolor quis.', 3, '2019-04-14 10:38:48', '2019-04-14 10:38:48'),
(90, 272, 'Ethel Koelpin', 'Deserunt atque dignissimos velit. Iure ipsa ex id ipsum. Fugiat iure aut neque culpa.', 0, '2019-04-14 10:38:48', '2019-04-14 10:38:48'),
(91, 164, 'Prof. Stuart Medhurst DDS', 'Et dolores illum nostrum provident. Facilis placeat ut ut voluptates.', 2, '2019-04-14 10:38:48', '2019-04-14 10:38:48'),
(92, 82, 'Prof. Norris Von PhD', 'Deserunt voluptatem fuga quidem natus suscipit blanditiis excepturi. Et fugiat nihil harum rerum.', 5, '2019-04-14 10:38:48', '2019-04-14 10:38:48'),
(93, 337, 'Maximillia Graham', 'Quidem et fuga atque repudiandae. Ducimus mollitia aperiam aut harum. Consequatur necessitatibus optio corporis dolores quibusdam qui possimus modi. Repellendus ad nesciunt ad nulla. Fugiat velit explicabo enim libero.', 4, '2019-04-14 10:38:48', '2019-04-14 10:38:48'),
(94, 239, 'Alexane Emmerich', 'Qui consequatur ut exercitationem sed. Voluptas voluptatem rerum quia nihil corrupti. Ut modi expedita suscipit et corrupti ipsam. Facere ut iste quo pariatur maiores dignissimos.', 4, '2019-04-14 10:38:48', '2019-04-14 10:38:48'),
(95, 244, 'Maymie Langworth', 'Molestiae aliquid inventore temporibus. Iure placeat nisi tenetur alias. Eius voluptatem suscipit molestiae quo.', 0, '2019-04-14 10:38:49', '2019-04-14 10:38:49'),
(96, 109, 'Fern Carroll', 'Eos et tempora voluptatem quidem. Temporibus reiciendis non non.', 4, '2019-04-14 10:38:49', '2019-04-14 10:38:49'),
(97, 85, 'Gracie Bahringer', 'Odio suscipit sed deleniti omnis recusandae natus qui. Rem repellat accusantium ut cumque sit animi. Iste similique sit impedit mollitia fugiat sunt.', 5, '2019-04-14 10:38:49', '2019-04-14 10:38:49'),
(98, 187, 'Dr. Shirley Bechtelar Jr.', 'Aut et explicabo tempora ratione voluptatem exercitationem sit. Asperiores porro non non qui eaque rerum voluptate. Id occaecati dolor sunt in. Neque est facere eum animi necessitatibus nesciunt est.', 5, '2019-04-14 10:38:49', '2019-04-14 10:38:49'),
(99, 255, 'Jaida Lynch', 'Ea praesentium rerum est. Accusantium quae ex quibusdam. Quia sequi ad consequatur debitis. Est nisi deserunt enim laborum.', 3, '2019-04-14 10:38:49', '2019-04-14 10:38:49'),
(100, 299, 'Moises Walsh', 'Hic voluptas quaerat natus fugiat rerum accusantium. Cupiditate sunt repudiandae architecto neque cupiditate facilis ab. Vel unde rerum voluptas consequuntur qui ut.', 5, '2019-04-14 10:38:49', '2019-04-14 10:38:49'),
(101, 149, 'Julien Fritsch', 'Optio vero ratione qui animi assumenda sunt totam. Doloribus est voluptatum a. Rerum aut reiciendis eligendi exercitationem. Assumenda aliquam voluptatem voluptatibus officiis numquam ut nulla.', 3, '2019-04-14 10:38:49', '2019-04-14 10:38:49'),
(102, 267, 'Gisselle Hartmann III', 'Recusandae rem dignissimos est molestias doloremque. Quidem velit reprehenderit dolore omnis cupiditate. Nesciunt culpa nam aut est. Dolorem commodi doloribus tenetur vel cupiditate id.', 2, '2019-04-14 10:38:49', '2019-04-14 10:38:49'),
(103, 309, 'Waylon Gulgowski', 'Incidunt tempora reprehenderit corrupti accusantium in. Officiis est quia harum aut eligendi ducimus soluta. Culpa molestias dolorem sit sequi eos vel. Dolor dolorum earum id voluptatem doloremque.', 2, '2019-04-14 10:38:49', '2019-04-14 10:38:49'),
(104, 60, 'Bertha Cronin', 'Quasi non consequatur est dolor eius voluptates corrupti. Consectetur consequuntur iure sapiente dolores hic. Incidunt molestiae similique beatae vero repellat pariatur consectetur facere.', 2, '2019-04-14 10:38:49', '2019-04-14 10:38:49'),
(105, 125, 'Josie Witting', 'Hic maiores harum commodi esse consequatur. Nam dolorem ut architecto voluptatem doloremque esse voluptates. Minus modi est et est amet earum ipsam.', 5, '2019-04-14 10:38:49', '2019-04-14 10:38:49'),
(106, 188, 'Flossie Sauer', 'Impedit voluptas ex vitae illo tempore aut cumque. Voluptatem et placeat at magni.', 2, '2019-04-14 10:38:49', '2019-04-14 10:38:49'),
(107, 138, 'Evan Buckridge', 'Blanditiis tempora soluta qui quis aliquid. Qui est iste et saepe magni dolore consequatur. Repellat enim optio id assumenda est voluptas molestiae. Reiciendis quis corrupti assumenda tempora.', 4, '2019-04-14 10:38:49', '2019-04-14 10:38:49'),
(108, 121, 'Elinore Kuhic', 'Voluptatem ipsum facilis dolores facere rem fuga neque. Dolores earum natus id minus error aut adipisci. Quis adipisci sit voluptates deleniti voluptas dignissimos nostrum libero. Non voluptate doloremque occaecati nisi. Consequatur quod laboriosam inventore et.', 3, '2019-04-14 10:38:49', '2019-04-14 10:38:49'),
(109, 211, 'Jarrell Treutel PhD', 'Consectetur debitis enim et ut voluptas. Qui sunt consequatur et perspiciatis iure vero labore. Voluptates facere nesciunt qui temporibus dolores. Iste provident est qui et aspernatur consequatur sit.', 5, '2019-04-14 10:38:50', '2019-04-14 10:38:50'),
(110, 163, 'Jalyn Ebert DDS', 'Necessitatibus rerum nulla nam. Molestias fugiat omnis consequatur quae velit quia. Similique autem in nemo beatae dolores dolorum reprehenderit. Ducimus cumque totam sequi officia dicta.', 1, '2019-04-14 10:38:50', '2019-04-14 10:38:50'),
(111, 15, 'Joe Spencer', 'Quae provident harum sint inventore excepturi. Sit aperiam voluptatibus eum impedit tempore soluta inventore. Eum vitae iusto qui animi. Dolor sit laudantium porro sit voluptatibus.', 0, '2019-04-14 10:38:50', '2019-04-14 10:38:50'),
(112, 304, 'Miles Bosco', 'Expedita nemo iure dignissimos ut quam. Molestiae sunt autem rerum. Praesentium sapiente id consequuntur aliquid. Sequi maiores veniam et minus sit. Molestiae est et et saepe delectus id hic.', 3, '2019-04-14 10:38:50', '2019-04-14 10:38:50'),
(113, 180, 'Dessie Hodkiewicz Jr.', 'Dolor quaerat perspiciatis quis non eos quidem exercitationem. Eaque dicta facilis aperiam non distinctio aliquam. Inventore esse tenetur voluptas provident dicta non et. Voluptates omnis quidem nobis quia omnis voluptate explicabo.', 2, '2019-04-14 10:38:50', '2019-04-14 10:38:50'),
(114, 91, 'Mr. Lew Harber', 'Ut eaque sit fugiat et consequuntur eos minima. Explicabo aspernatur natus enim aut nesciunt. Soluta fuga dolorem non dolorem. Dignissimos ut corrupti rem nihil voluptas.', 4, '2019-04-14 10:38:50', '2019-04-14 10:38:50'),
(115, 123, 'Adell Mraz', 'Aut adipisci porro illo quod. Atque amet qui aliquid est modi saepe. Nemo voluptatem sint inventore temporibus tempore consequuntur et quas.', 1, '2019-04-14 10:38:50', '2019-04-14 10:38:50'),
(116, 283, 'Kirsten Lebsack', 'Rem laboriosam voluptas id ut. Ullam perspiciatis assumenda veniam eveniet assumenda in. Deleniti debitis corporis qui quae amet. Et eos itaque maiores rerum ipsum. Autem doloremque voluptatem iste aliquid.', 4, '2019-04-14 10:38:50', '2019-04-14 10:38:50'),
(117, 124, 'Prof. Alford Steuber DDS', 'Consequatur et odit esse et sed est vitae. Deserunt perferendis velit doloribus est nobis molestiae doloremque. Ut ut aspernatur perferendis voluptas illum autem qui sapiente. Laudantium fugiat id dignissimos voluptatibus molestias sed perferendis.', 3, '2019-04-14 10:38:50', '2019-04-14 10:38:50'),
(118, 31, 'Carli Kilback MD', 'Labore voluptatem minus deleniti totam vel. Ipsum sunt iure aut eos. Aut ea odio sit qui labore explicabo.', 4, '2019-04-14 10:38:50', '2019-04-14 10:38:50'),
(119, 5, 'Berenice Walter', 'Tempora nulla commodi architecto. Laudantium quibusdam sit commodi. Eos sapiente doloremque quisquam nobis itaque.', 5, '2019-04-14 10:38:50', '2019-04-14 10:38:50'),
(120, 29, 'Keely Friesen', 'Omnis enim rem ex molestiae totam cum voluptatem qui. Velit ut animi laborum. Odio ratione ipsa iste maiores et. Similique aut ea qui id distinctio tempore similique. Consequatur ut vitae vitae optio officia nostrum qui.', 1, '2019-04-14 10:38:50', '2019-04-14 10:38:50'),
(121, 135, 'Monty Lemke', 'Sit tenetur rerum nam ullam minima sequi esse. Est voluptatem nobis nostrum debitis aliquam saepe est.', 0, '2019-04-14 10:38:50', '2019-04-14 10:38:50'),
(122, 79, 'Gregorio Davis', 'Laboriosam est placeat necessitatibus sapiente nesciunt possimus molestiae. Enim eveniet ipsa ut illo. Atque excepturi eum necessitatibus quis est.', 5, '2019-04-14 10:38:50', '2019-04-14 10:38:50'),
(123, 30, 'Antwon Kozey', 'Aut repudiandae sit nostrum exercitationem quo modi sint nemo. Aut voluptas sit quo reprehenderit dolorem. Est cum asperiores sed sapiente consequatur.', 1, '2019-04-14 10:38:50', '2019-04-14 10:38:50'),
(124, 203, 'Prof. Horace O\'Conner I', 'Hic harum iusto eaque praesentium recusandae. Aut et doloremque porro nobis.', 2, '2019-04-14 10:38:51', '2019-04-14 10:38:51'),
(125, 194, 'Mrs. Lillian Fahey I', 'Molestiae voluptatum eius rerum nesciunt tenetur rerum delectus. Blanditiis rerum ex asperiores cupiditate quae repellat.', 1, '2019-04-14 10:38:51', '2019-04-14 10:38:51'),
(126, 320, 'Daryl Ankunding V', 'Aperiam omnis qui et deserunt et labore. Quidem inventore doloremque ipsa expedita. Vitae et eos fugiat magni.', 5, '2019-04-14 10:38:51', '2019-04-14 10:38:51'),
(127, 27, 'Keshaun Krajcik', 'Aliquam vero quod nemo ipsa. Amet nam dolor nihil voluptas vitae aliquid qui. Quaerat eum voluptas est odio perspiciatis quasi qui et. Accusamus sunt dolores ut sint aut. Ea vero explicabo ea.', 2, '2019-04-14 10:38:51', '2019-04-14 10:38:51'),
(128, 30, 'Miss Lois Larkin DDS', 'Quidem pariatur eveniet ducimus autem ut repudiandae. Accusantium voluptatum ipsa perferendis. Dolores blanditiis est natus quidem asperiores sed quasi.', 3, '2019-04-14 10:38:51', '2019-04-14 10:38:51'),
(129, 122, 'Tracy King', 'Impedit et voluptate commodi ipsum quia rerum. Impedit velit aliquam eius iste et ipsam velit et. Rem deleniti voluptatem excepturi reiciendis ut et incidunt. Deserunt non eos enim aut et sint. Quasi assumenda ratione maiores sapiente aut.', 4, '2019-04-14 10:38:51', '2019-04-14 10:38:51'),
(130, 45, 'Rocky Brown', 'Velit porro iure numquam ducimus atque provident. Sunt cumque quisquam ut culpa molestiae praesentium. Blanditiis et vel et excepturi fuga. Et laborum voluptatem amet nemo.', 2, '2019-04-14 10:38:51', '2019-04-14 10:38:51'),
(131, 87, 'Eleonore Koch', 'Ut expedita consequatur consequatur est molestiae ut aut. Quis consequatur sunt velit porro rerum.', 4, '2019-04-14 10:38:51', '2019-04-14 10:38:51'),
(132, 154, 'Yvette Hilpert', 'Quibusdam nobis officia vero aperiam. Cumque vitae autem officiis. Est eveniet occaecati voluptate ut consectetur laudantium.', 1, '2019-04-14 10:38:51', '2019-04-14 10:38:51'),
(133, 220, 'Ms. Marcelina Predovic', 'Corrupti aut temporibus ut aliquid quis deserunt vitae. Odio aut perspiciatis amet saepe quo animi aliquam. Adipisci aliquam labore accusamus possimus vel eum numquam.', 4, '2019-04-14 10:38:51', '2019-04-14 10:38:51'),
(134, 79, 'Cielo Vandervort V', 'Veniam animi dolores recusandae animi et exercitationem. Incidunt voluptas sint facere cupiditate quis alias aut veritatis. Veritatis dolore cumque aut eius. Iste eligendi aut eaque quo dolores veritatis.', 3, '2019-04-14 10:38:51', '2019-04-14 10:38:51'),
(135, 229, 'Prof. Marley Walter DDS', 'Similique atque qui deserunt quasi qui nobis placeat. Adipisci magnam enim voluptates ratione in et.', 2, '2019-04-14 10:38:51', '2019-04-14 10:38:51'),
(136, 62, 'Dagmar Strosin', 'Natus voluptatum magnam nesciunt recusandae ipsum eaque. Rerum fuga cum vero impedit doloremque et. Autem dolores harum perferendis possimus odio eligendi.', 0, '2019-04-14 10:38:51', '2019-04-14 10:38:51'),
(137, 141, 'Jazmin Bechtelar', 'Esse sapiente quis deserunt id aut. Enim ipsum sunt et qui quae consequuntur dolor. Impedit voluptatem in tempore nobis enim voluptas eum. Dignissimos eum id quaerat commodi eum.', 1, '2019-04-14 10:38:51', '2019-04-14 10:38:51'),
(138, 268, 'Buster King', 'Eveniet nobis nihil et natus. Incidunt nam voluptate consectetur omnis libero modi inventore. Beatae reiciendis possimus quia velit magni sed qui earum. Alias quia consequatur esse. Distinctio provident consequatur culpa qui occaecati porro.', 0, '2019-04-14 10:38:52', '2019-04-14 10:38:52'),
(139, 290, 'Prof. Emmy Smitham', 'Autem sunt ut qui culpa ut pariatur ipsum non. Quo quia quo reprehenderit. Accusantium perspiciatis nobis impedit cum inventore quia et. Totam ducimus ut amet architecto.', 2, '2019-04-14 10:38:52', '2019-04-14 10:38:52'),
(140, 9, 'Prof. Floyd Breitenberg Jr.', 'Officia laborum nihil necessitatibus eius odio nihil. Doloremque nihil qui architecto quia laudantium ab. Id perspiciatis eligendi voluptas laudantium perferendis. Autem rerum corporis saepe in eum culpa.', 2, '2019-04-14 10:38:52', '2019-04-14 10:38:52'),
(141, 102, 'Lucile Rohan', 'Porro est qui quia est quia. Quis possimus eaque quasi consequuntur corporis fuga.', 5, '2019-04-14 10:38:52', '2019-04-14 10:38:52'),
(142, 167, 'Prof. Harmon Prohaska', 'Sapiente at repellat nesciunt laudantium corrupti amet atque. Nulla ducimus aut minima optio.', 0, '2019-04-14 10:38:52', '2019-04-14 10:38:52'),
(143, 67, 'Nella Russel V', 'Aliquid ut et ratione saepe nemo. Mollitia molestiae qui ad consequatur tenetur non. Illum dolores esse mollitia et voluptate. Dolorem sint fugit doloribus aperiam dicta dolor.', 3, '2019-04-14 10:38:52', '2019-04-14 10:38:52'),
(144, 103, 'Lorenzo Mante DVM', 'Consequuntur sit error aut molestiae rerum fuga. Id dignissimos quam est sed quia iste. Ut voluptates ut sit quas.', 1, '2019-04-14 10:38:52', '2019-04-14 10:38:52'),
(145, 174, 'Kristoffer Schowalter', 'Sed aut et dolor odit voluptas. Quae maxime alias voluptatum tempora veritatis sit ut. Voluptatem aspernatur vero est quaerat ut.', 1, '2019-04-14 10:38:52', '2019-04-14 10:38:52'),
(146, 322, 'Margarett Dach', 'Voluptas repellendus voluptatem et earum est nam molestiae. Eligendi quasi libero accusamus. Voluptatem omnis mollitia ea non et provident ratione. Et quaerat voluptas culpa voluptas eligendi nihil distinctio. Quisquam sed natus et voluptatibus eum modi aut ut.', 2, '2019-04-14 10:38:52', '2019-04-14 10:38:52'),
(147, 296, 'Fredrick Yost Jr.', 'Consectetur amet culpa molestias qui possimus. Tempore sunt ab molestias nihil temporibus mollitia harum aliquid. Ipsam error odit voluptatibus totam placeat. Consequatur quo repudiandae aperiam accusantium.', 5, '2019-04-14 10:38:52', '2019-04-14 10:38:52'),
(148, 7, 'Jay Kautzer Jr.', 'Qui consectetur repudiandae alias dolores aut at facere. Ullam consequatur laudantium iusto expedita iusto voluptates deleniti. Dolores sint enim quisquam velit et placeat voluptatibus. Sit est soluta fuga unde minima.', 2, '2019-04-14 10:38:52', '2019-04-14 10:38:52'),
(149, 330, 'Dr. Hunter Farrell Sr.', 'Illo voluptatem dolores ducimus. Ut beatae excepturi est aut tempora porro repellendus.', 1, '2019-04-14 10:38:52', '2019-04-14 10:38:52'),
(150, 22, 'Ceasar Kling', 'Omnis pariatur quisquam nam vitae ut natus inventore. In corporis id est atque. Et nobis impedit quo vel suscipit quod dicta. Architecto aut ullam est.', 1, '2019-04-14 10:38:52', '2019-04-14 10:38:52'),
(151, 115, 'Bethel Rempel', 'Laboriosam atque dicta beatae. Neque corporis est ratione voluptas dignissimos eos est suscipit. Repellat vel delectus nisi quae. Eaque rem distinctio similique blanditiis beatae reprehenderit.', 5, '2019-04-14 10:38:53', '2019-04-14 10:38:53'),
(152, 86, 'Garrick Pollich', 'Magnam quia consequatur et laboriosam. Quo ipsa architecto quidem veritatis. Deleniti sed quos aut odio voluptatibus. Nisi ad incidunt temporibus velit.', 2, '2019-04-14 10:38:53', '2019-04-14 10:38:53'),
(153, 301, 'Michael Berge', 'Iusto et ullam in in. Dolores mollitia consequatur asperiores occaecati. Aut impedit nemo consequatur et pariatur ut. Quia quos est repudiandae aspernatur voluptas.', 1, '2019-04-14 10:38:53', '2019-04-14 10:38:53'),
(154, 309, 'Shad Satterfield', 'Et quibusdam molestiae facilis nisi eos eos et. Asperiores culpa eaque excepturi ut.', 2, '2019-04-14 10:38:53', '2019-04-14 10:38:53'),
(155, 262, 'Akeem Kihn III', 'Dolore ex omnis voluptatem velit aliquid esse nihil. Quia blanditiis qui reprehenderit eos.', 4, '2019-04-14 10:38:53', '2019-04-14 10:38:53'),
(156, 57, 'Joy Franecki', 'Corrupti non aspernatur ut dolores similique et consequuntur accusamus. Dolorem doloremque qui quis ex ut illum magnam. Quia sint debitis qui ipsam natus ratione.', 2, '2019-04-14 10:38:53', '2019-04-14 10:38:53'),
(157, 242, 'Prof. Kris Bernhard III', 'Animi ad voluptas repellat quibusdam corporis voluptas. Commodi iusto distinctio optio iusto. Quam et sequi asperiores. Illo distinctio qui officia qui dicta in.', 3, '2019-04-14 10:38:53', '2019-04-14 10:38:53'),
(158, 141, 'Jackie Wintheiser II', 'Aspernatur necessitatibus recusandae illo blanditiis. Quis autem cum debitis velit cupiditate. Mollitia suscipit optio nulla cum.', 2, '2019-04-14 10:38:53', '2019-04-14 10:38:53'),
(159, 4, 'Cayla Nienow', 'Totam voluptatem quia pariatur nemo. Quidem esse hic minus reprehenderit. Accusamus odio velit et id in non sint.', 5, '2019-04-14 10:38:53', '2019-04-14 10:38:53'),
(160, 28, 'Roxane Rolfson', 'Est veritatis voluptas est aspernatur sint. Rem assumenda distinctio et itaque doloremque velit et. Et error quo dolores libero sint sed. Eius ut unde assumenda velit ducimus dolores et.', 2, '2019-04-14 10:38:53', '2019-04-14 10:38:53'),
(161, 69, 'Kadin Jones', 'Atque tempora et dignissimos soluta corrupti. Tempore beatae beatae corrupti iure hic nobis. Ullam quod alias nihil aut quia vel accusantium. Corporis natus asperiores aspernatur eaque id dolorem.', 5, '2019-04-14 10:38:53', '2019-04-14 10:38:53'),
(162, 301, 'Lilla Smith', 'Est eum quaerat ut dolore vel. Et itaque libero et laudantium. Minima quam corporis iure similique.', 3, '2019-04-14 10:38:54', '2019-04-14 10:38:54'),
(163, 268, 'Hillard Powlowski I', 'Repudiandae voluptas libero commodi quia et qui. Pariatur ipsam ipsam deserunt sunt expedita aliquid laudantium. Modi molestiae illum natus facilis iste illo.', 3, '2019-04-14 10:38:54', '2019-04-14 10:38:54'),
(164, 217, 'Etha Osinski', 'Totam qui omnis optio occaecati soluta aspernatur. Recusandae similique veniam sit et velit id. Deleniti qui iste odio. Eum voluptas repudiandae occaecati vitae consectetur et quasi commodi.', 4, '2019-04-14 10:38:54', '2019-04-14 10:38:54'),
(165, 323, 'Payton Feeney', 'Laboriosam voluptas consequatur soluta dignissimos voluptas enim eligendi earum. Commodi qui qui voluptatibus sit dolor eius id minima. Fuga qui itaque sit atque. Aut adipisci sed ipsum necessitatibus.', 0, '2019-04-14 10:38:54', '2019-04-14 10:38:54'),
(166, 91, 'Miss Veronica Willms', 'Nemo voluptatibus voluptatem quo repudiandae sit culpa. Ut libero ut consequatur qui aut. Accusantium autem aspernatur similique nostrum occaecati. Rerum et distinctio reiciendis dolore omnis.', 4, '2019-04-14 10:38:54', '2019-04-14 10:38:54'),
(167, 344, 'Milford Adams', 'Et qui omnis laboriosam suscipit sed illo. Consequuntur aut ut enim et commodi dignissimos. Eius omnis debitis aut sunt non quae deleniti animi.', 3, '2019-04-14 10:38:54', '2019-04-14 10:38:54'),
(168, 79, 'Concepcion Mante', 'Nostrum quasi doloribus voluptatibus debitis. Et alias voluptatibus iure voluptatem cupiditate temporibus. Rem eaque ullam natus amet omnis quisquam. Sit fugit vel et impedit veritatis facere consectetur.', 0, '2019-04-14 10:38:54', '2019-04-14 10:38:54'),
(169, 32, 'Sammie Treutel', 'Omnis deserunt unde odit adipisci eum illo nesciunt natus. Sed cupiditate nesciunt et asperiores. Non ut id velit quis nisi.', 0, '2019-04-14 10:38:54', '2019-04-14 10:38:54'),
(170, 206, 'Lillian Bashirian', 'Soluta dicta et aut sed. Sunt quae labore sed deserunt minus possimus. Doloribus eligendi ipsum consequatur quo quos. Maiores nemo deserunt doloremque in soluta.', 5, '2019-04-14 10:38:54', '2019-04-14 10:38:54'),
(171, 309, 'Candido Kunde', 'Dolorem consequatur voluptate libero ut cumque. Qui voluptas ipsa voluptatem amet corporis. Facere impedit tempore autem hic assumenda sapiente deserunt recusandae. Modi quia dolorum omnis sunt possimus voluptas quasi.', 4, '2019-04-14 10:38:54', '2019-04-14 10:38:54'),
(172, 341, 'Dr. Berenice Bashirian', 'Tenetur amet molestiae similique ducimus necessitatibus. Magni et sapiente est consequatur illum maiores. Magni et magni saepe excepturi.', 4, '2019-04-14 10:38:54', '2019-04-14 10:38:54'),
(173, 300, 'Destiny Mohr', 'Doloribus magnam quis saepe. Aut adipisci deserunt aperiam assumenda. Nihil accusamus vel iusto architecto consequuntur rerum nisi.', 4, '2019-04-14 10:38:54', '2019-04-14 10:38:54'),
(174, 273, 'Dr. Arnaldo Deckow II', 'Aut accusamus aspernatur rem sit. Laudantium at eligendi assumenda cupiditate ab nemo. Eveniet officiis et nobis eos possimus ab eveniet. Non labore eos corrupti.', 0, '2019-04-14 10:38:54', '2019-04-14 10:38:54'),
(175, 256, 'Augusta Buckridge', 'Vel maxime aut commodi consequatur maxime. Aut perferendis rerum enim molestias. Eligendi blanditiis ut dolore quis voluptas. Sit laudantium quasi repellendus dolorem ducimus.', 0, '2019-04-14 10:38:54', '2019-04-14 10:38:54'),
(176, 240, 'Kavon McClure', 'Est maxime facilis architecto ad est vitae rem. Perspiciatis maiores nulla cum libero dolore dolorum consequatur. Quas quia vitae fugiat quam.', 4, '2019-04-14 10:38:55', '2019-04-14 10:38:55'),
(177, 220, 'Alana Mohr', 'Odit sunt hic et doloremque quia et officia voluptas. Ratione impedit adipisci in ut nisi. Aut dolor aperiam rem eius minima.', 4, '2019-04-14 10:38:55', '2019-04-14 10:38:55'),
(178, 21, 'Stacey Kris', 'Consequatur cupiditate neque et quia adipisci fugit iure. Aut consequatur necessitatibus facere eligendi pariatur placeat. Vero numquam id molestias dolores molestias reiciendis. Est deserunt iste labore voluptatum autem eveniet officiis facere.', 5, '2019-04-14 10:38:55', '2019-04-14 10:38:55'),
(179, 21, 'Prof. Ervin Bradtke III', 'Incidunt rerum natus dolorum vitae voluptates et doloribus. Et architecto corporis laudantium nihil soluta. Necessitatibus non esse maxime facere asperiores adipisci.', 1, '2019-04-14 10:38:55', '2019-04-14 10:38:55'),
(180, 137, 'Arden Hagenes', 'Saepe illum perspiciatis eius. Excepturi a illum iste ab accusantium saepe sit. Nesciunt hic et et aut neque assumenda eum assumenda. Corporis explicabo quis architecto aut neque omnis.', 4, '2019-04-14 10:38:55', '2019-04-14 10:38:55'),
(181, 329, 'Prof. Nelle Gleason DDS', 'Sed et eligendi quam nisi explicabo rem et quos. Cumque quisquam amet saepe voluptates dignissimos soluta. Unde ducimus consequatur et sed vel cumque voluptatem. Ad labore expedita voluptas libero.', 2, '2019-04-14 10:38:55', '2019-04-14 10:38:55'),
(182, 180, 'Larry Auer V', 'Et consequuntur exercitationem tenetur iste voluptatem eius. Molestias consequatur tempora aut. Sed aut amet voluptatum provident voluptatem laudantium eos.', 1, '2019-04-14 10:38:55', '2019-04-14 10:38:55'),
(183, 259, 'Aileen Bergnaum II', 'Odit id provident dolorem cupiditate neque voluptas. Possimus et doloremque dolorem repellat quibusdam. Molestias dolorem suscipit et. Quaerat labore ea possimus doloremque numquam impedit.', 4, '2019-04-14 10:38:55', '2019-04-14 10:38:55'),
(184, 262, 'Mabel Jakubowski', 'Voluptas ut consequatur fuga et expedita est. Non tempore sit sint voluptate non non quasi. Qui quis est atque alias est laudantium.', 4, '2019-04-14 10:38:55', '2019-04-14 10:38:55'),
(185, 80, 'Sofia Kling', 'Aliquid saepe sint sint magni quisquam. Modi rerum necessitatibus inventore deleniti aut consequatur. Quibusdam similique debitis magnam ab rerum dolore qui laudantium. Ipsa earum qui quas quos et dolore excepturi.', 5, '2019-04-14 10:38:55', '2019-04-14 10:38:55'),
(186, 56, 'Danyka Donnelly', 'Incidunt non aperiam doloremque excepturi impedit ipsam dolor veniam. Consequuntur minima ipsa eum qui libero. Autem itaque possimus ipsum et quae consequatur.', 5, '2019-04-14 10:38:55', '2019-04-14 10:38:55'),
(187, 99, 'Sophia Greenfelder', 'Dolor ut nihil quas hic sit animi. Nobis ea et nihil aut. Quia consequatur placeat itaque dolorum.', 3, '2019-04-14 10:38:55', '2019-04-14 10:38:55'),
(188, 321, 'Mr. Jean Nicolas', 'Maiores quibusdam et commodi quos. Et sed quia suscipit libero sed est esse est. Ipsum consequatur quis hic magnam molestias. Magni ut harum facilis distinctio.', 5, '2019-04-14 10:38:55', '2019-04-14 10:38:55'),
(189, 77, 'Prof. Oswaldo Effertz', 'Accusantium praesentium inventore dignissimos ipsam quae aliquam. Ex qui cupiditate repellat beatae vitae minus ex. Facere enim qui placeat quas. Maiores sapiente dolore qui ut sit officiis dolores at.', 2, '2019-04-14 10:38:55', '2019-04-14 10:38:55'),
(190, 174, 'Trycia Feest', 'Officia odit ex qui non. Ullam sed repudiandae enim culpa ut sed. Cupiditate ab est dolor explicabo omnis. Non est ut minima rerum recusandae.', 0, '2019-04-14 10:38:56', '2019-04-14 10:38:56'),
(191, 271, 'Mr. Dave Schamberger', 'Autem laudantium blanditiis facilis qui ut. Quia consequatur unde vel tempora ex magni enim. Vel voluptatibus beatae accusantium perferendis magnam.', 0, '2019-04-14 10:38:56', '2019-04-14 10:38:56'),
(192, 155, 'Dr. Elnora Vandervort Jr.', 'Qui est eligendi ut sint repellendus eligendi. Ut rem aliquid eaque optio. Quia iusto quia non ut porro eius et. Est modi fugit sint voluptas.', 1, '2019-04-14 10:38:56', '2019-04-14 10:38:56'),
(193, 59, 'Lemuel Feeney PhD', 'Sint aut repellat repellendus saepe expedita qui. Ut qui libero id id tempora quia. Ad vel aut ipsam veniam assumenda.', 2, '2019-04-14 10:38:56', '2019-04-14 10:38:56'),
(194, 71, 'Ariane Dach', 'Quo atque necessitatibus labore rerum. Omnis natus suscipit ratione. Dolorem deleniti laboriosam labore aperiam quas reiciendis voluptatem. Vero neque laboriosam est rerum saepe ad.', 5, '2019-04-14 10:38:56', '2019-04-14 10:38:56'),
(195, 324, 'Maegan Lind', 'Sit maxime incidunt sapiente maxime sed ipsum. Voluptas quisquam quo velit quam ipsam soluta autem ipsa. Doloribus voluptatem minus fugit ducimus molestiae reprehenderit accusamus. Molestiae sint nihil facere non.', 3, '2019-04-14 10:38:56', '2019-04-14 10:38:56'),
(196, 319, 'Gerardo Mraz', 'Atque aspernatur illo iusto nesciunt facilis rerum numquam. Perspiciatis nostrum sit sed eius nemo quidem. Reprehenderit sunt tenetur magnam sed laudantium.', 3, '2019-04-14 10:38:56', '2019-04-14 10:38:56'),
(197, 349, 'Dr. Juliet Crona', 'Dolor veritatis qui ratione sunt. Saepe tenetur velit placeat sunt minus. Saepe ut enim harum enim eos ea veniam.', 3, '2019-04-14 10:38:56', '2019-04-14 10:38:56'),
(198, 288, 'Eva Ferry', 'Deserunt quod dolore esse in excepturi voluptatum at. Qui quia perspiciatis ut ipsam. Ea consequuntur ea praesentium.', 1, '2019-04-14 10:38:56', '2019-04-14 10:38:56'),
(199, 73, 'Kaitlyn Auer', 'Repellat ad consectetur odit dolor et. At molestiae similique assumenda magni explicabo eum. Occaecati ut dolores tempora quae. In sapiente consequatur rerum voluptates sit temporibus facilis voluptatem. Dolor quia saepe nihil quibusdam.', 4, '2019-04-14 10:38:56', '2019-04-14 10:38:56'),
(200, 343, 'Libbie Wilkinson', 'Voluptatibus omnis odit nesciunt omnis dicta hic aut in. Autem corporis sit voluptas dolorum omnis. Ut similique eum asperiores minima accusantium ut. Enim dolor sit in sit.', 5, '2019-04-14 10:38:56', '2019-04-14 10:38:56'),
(201, 307, 'Rolando Sawayn V', 'Voluptate eveniet dicta illum vero eligendi earum illum quos. Dolore culpa perferendis nihil atque reiciendis. Eveniet nulla expedita sint omnis explicabo quo alias. Unde animi nihil omnis labore quia nemo.', 4, '2019-04-14 10:38:56', '2019-04-14 10:38:56'),
(202, 135, 'Dayana Marvin', 'Minus omnis ut quo est voluptas nisi pariatur. Est debitis natus nemo dolor accusamus. Quidem sunt consequatur debitis laborum qui deleniti. Neque vel doloribus minus consequatur.', 1, '2019-04-14 10:38:56', '2019-04-14 10:38:56'),
(203, 113, 'Prof. Xavier Johnson IV', 'Velit laborum nihil est et. Ut qui perferendis sed ad sint amet. Nihil ut autem non et est. Minus nihil aspernatur nisi sapiente dolorem suscipit reiciendis dolore.', 4, '2019-04-14 10:38:56', '2019-04-14 10:38:56'),
(204, 53, 'Willie Littel', 'Officia saepe est molestiae ipsum. Et pariatur quo dolor ex alias officia maxime. Culpa dolores sit ut sed voluptatem.', 0, '2019-04-14 10:38:57', '2019-04-14 10:38:57'),
(205, 42, 'Keven Koss', 'Saepe dicta tenetur rem ab. Facilis molestias rerum modi eveniet aut cum. Quas consequatur commodi veritatis nihil quod facilis. Numquam unde tempore ullam atque assumenda.', 2, '2019-04-14 10:38:57', '2019-04-14 10:38:57'),
(206, 175, 'Desiree Ernser', 'Aspernatur doloribus esse id sit totam. Nostrum qui eveniet aspernatur quidem facere officia. Nihil et dolor fugiat nihil. Quia animi animi sit mollitia.', 4, '2019-04-14 10:38:57', '2019-04-14 10:38:57'),
(207, 18, 'Lessie Gusikowski PhD', 'Vero doloribus et aut vitae aliquid hic eaque. Rerum dolores non aut quibusdam quibusdam perferendis. Nisi quaerat fugit enim aut repellat voluptatem accusantium illum. Voluptatem sit distinctio aut nemo doloremque similique.', 4, '2019-04-14 10:38:57', '2019-04-14 10:38:57');
INSERT INTO `reviews` (`id`, `product_id`, `customer`, `review`, `star`, `created_at`, `updated_at`) VALUES
(208, 27, 'Mr. Bartholome Parker', 'Qui autem aspernatur sed et. Totam rerum a ad minus voluptatem. Assumenda neque consequatur incidunt perspiciatis alias soluta incidunt.', 1, '2019-04-14 10:38:57', '2019-04-14 10:38:57'),
(209, 290, 'Kip Bruen', 'Ipsa dolores recusandae impedit aspernatur sint. Corporis quidem non nam quos commodi eum et id. Similique esse nobis voluptatum fugit eveniet sit.', 5, '2019-04-14 10:38:57', '2019-04-14 10:38:57'),
(210, 313, 'Edyth Wehner', 'Vero exercitationem sed minima quas nihil cupiditate non assumenda. Vitae doloribus reiciendis pariatur qui voluptatem delectus. Vero vel eligendi iure consequatur libero qui sint eum. Dolorem libero dolores itaque inventore assumenda vel similique provident.', 5, '2019-04-14 10:38:57', '2019-04-14 10:38:57'),
(211, 9, 'Chloe Armstrong', 'Adipisci sit autem iste aut. Quo quas optio rerum ut cupiditate labore. Rerum hic dicta non quo voluptatem.', 5, '2019-04-14 10:38:57', '2019-04-14 10:38:57'),
(212, 30, 'Dr. Kaci Kuhn', 'Molestias perferendis eos eos voluptates. Numquam natus aspernatur aut enim asperiores eius eos est. Sed aut itaque omnis. Maxime at quis quasi ut nihil.', 3, '2019-04-14 10:38:57', '2019-04-14 10:38:57'),
(213, 33, 'Lowell Flatley PhD', 'Eum et quibusdam et quis reprehenderit voluptatibus. Ullam ea repellat perferendis hic incidunt. Debitis iure reiciendis odio voluptatum inventore sint.', 5, '2019-04-14 10:38:57', '2019-04-14 10:38:57'),
(214, 178, 'Una Heaney', 'Et sit dolor veniam cupiditate libero soluta consequuntur. Magnam ut occaecati aliquid totam et consequatur aut. Sunt ab beatae est labore accusantium consequatur.', 0, '2019-04-14 10:38:57', '2019-04-14 10:38:57'),
(215, 167, 'Rosanna Bashirian', 'Temporibus et in et est qui. Qui eos labore nostrum autem officia voluptatum.', 3, '2019-04-14 10:38:57', '2019-04-14 10:38:57'),
(216, 76, 'Ms. Bettye Schoen', 'Voluptatem labore consequatur ipsum perferendis molestias. Inventore est eius qui dolores quisquam aut. Est aliquam voluptatem et.', 4, '2019-04-14 10:38:57', '2019-04-14 10:38:57'),
(217, 233, 'Roger Herzog', 'Est doloribus dignissimos illo ut vitae. Tenetur id recusandae nostrum commodi ea. Et fugiat ea unde eaque temporibus.', 3, '2019-04-14 10:38:58', '2019-04-14 10:38:58'),
(218, 194, 'Margaretta Lowe', 'Cum et non corporis autem nemo. Nobis hic consequatur amet eligendi. Nesciunt et velit quasi eligendi provident quia distinctio. Facere quasi in earum optio qui.', 2, '2019-04-14 10:38:58', '2019-04-14 10:38:58'),
(219, 291, 'Tamia Bode', 'Voluptatem eum et quas ipsa voluptatibus cumque distinctio. Exercitationem voluptates quia ut commodi sunt. Ut temporibus ea consequatur repudiandae. Et cumque distinctio dolor et non.', 5, '2019-04-14 10:38:58', '2019-04-14 10:38:58'),
(220, 214, 'Lamont Nikolaus', 'Non dicta unde repellat modi ea perspiciatis neque. Ratione sed explicabo non consequatur sit laudantium. Quas necessitatibus corrupti eveniet ea fuga praesentium quas optio.', 2, '2019-04-14 10:38:58', '2019-04-14 10:38:58'),
(221, 57, 'Jany Sawayn', 'Blanditiis tempore aut rerum officia enim aut. Ut quia reiciendis iusto beatae dolorem aut dolor temporibus. Aspernatur et nemo autem impedit. Esse iusto commodi voluptatibus similique.', 2, '2019-04-14 10:38:58', '2019-04-14 10:38:58'),
(222, 74, 'Ransom Terry', 'Non placeat autem tempora quasi. Totam ducimus dolor reprehenderit blanditiis. Ea similique ipsam libero qui qui corrupti dicta. Harum rerum animi repudiandae. Quas autem nobis et et vitae ab.', 5, '2019-04-14 10:38:58', '2019-04-14 10:38:58'),
(223, 280, 'Terrence Heaney', 'Veniam et cupiditate non laborum perferendis minima. Ad illum animi qui voluptatem adipisci numquam et omnis. Voluptas ullam temporibus aut sed consequatur similique repellat. Saepe repellendus incidunt reprehenderit soluta debitis et.', 4, '2019-04-14 10:38:58', '2019-04-14 10:38:58'),
(224, 234, 'Prof. Lenny Doyle', 'Voluptates et est consequatur aliquam. Error dolores autem tempora error occaecati ullam.', 3, '2019-04-14 10:38:58', '2019-04-14 10:38:58'),
(225, 115, 'Blake Gaylord MD', 'Laboriosam sapiente quisquam id fugit illo. Sequi quibusdam reprehenderit cumque accusantium provident qui cumque. Reprehenderit ea numquam amet occaecati vel sit tempora saepe.', 4, '2019-04-14 10:38:58', '2019-04-14 10:38:58'),
(226, 266, 'Vito Lynch', 'Culpa rem aut aut rerum. Laboriosam error eius quisquam eum eum soluta distinctio. Sit rerum qui nemo quia aliquam mollitia. Excepturi aliquam corrupti quia culpa sit assumenda est.', 5, '2019-04-14 10:38:58', '2019-04-14 10:38:58'),
(227, 227, 'Mr. Cristina Schuppe', 'Aperiam ad et enim aspernatur et et fugiat. Commodi veritatis consequatur repellendus sit. Sint alias exercitationem voluptate sunt et odit exercitationem. Voluptatem sequi consequuntur laborum fuga enim omnis magnam.', 4, '2019-04-14 10:38:58', '2019-04-14 10:38:58'),
(228, 307, 'Nicklaus Kreiger', 'Sunt blanditiis tenetur aut perspiciatis. Sunt ipsa deserunt qui perferendis aut qui. Omnis iste et accusamus dignissimos voluptatem. Cum aut impedit sunt ut similique. Aliquid eveniet unde porro nihil quia.', 3, '2019-04-14 10:38:59', '2019-04-14 10:38:59'),
(229, 16, 'Dr. Cristian Murray', 'Perspiciatis soluta aliquid et aut et deserunt ratione non. Dignissimos commodi sit nemo quos necessitatibus maiores expedita. Vel corrupti laboriosam laborum praesentium quisquam molestiae. Perferendis eaque molestiae aut facilis minus id expedita non.', 4, '2019-04-14 10:38:59', '2019-04-14 10:38:59'),
(230, 103, 'Treva Durgan DDS', 'Ex est quis omnis minus. Et rem odit incidunt eligendi adipisci. Quia ratione dicta cupiditate ad. Sit non omnis sunt labore adipisci.', 5, '2019-04-14 10:38:59', '2019-04-14 10:38:59'),
(231, 92, 'Dr. Jaeden Frami', 'Nemo commodi et est nulla. Sapiente asperiores expedita est et. Aut possimus atque quia et. Harum eum eos sed nihil unde harum ex.', 1, '2019-04-14 10:38:59', '2019-04-14 10:38:59'),
(232, 10, 'Malcolm Schmidt', 'Numquam eaque ipsum voluptatem. Sed reprehenderit laboriosam odit veniam. Distinctio accusantium expedita perspiciatis vel velit. Sed voluptatibus perferendis numquam quia sed.', 5, '2019-04-14 10:38:59', '2019-04-14 10:38:59'),
(233, 99, 'Domenico White III', 'Ullam magni cumque omnis numquam amet itaque aut. Delectus qui a aut eveniet. Ut consectetur necessitatibus ut molestiae.', 5, '2019-04-14 10:38:59', '2019-04-14 10:38:59'),
(234, 245, 'Imelda Bins', 'Qui esse eos consectetur nisi eum. Et ex vel tempore ex aut. Odit libero voluptatem vel deserunt autem omnis temporibus. In rerum ipsam culpa corrupti facere fuga autem aut.', 2, '2019-04-14 10:38:59', '2019-04-14 10:38:59'),
(235, 164, 'Luz Corwin', 'Asperiores asperiores qui exercitationem provident est veniam exercitationem laborum. Ut ut et reiciendis minima saepe. Iusto omnis hic dolorum amet.', 5, '2019-04-14 10:38:59', '2019-04-14 10:38:59'),
(236, 313, 'Summer Doyle', 'Aliquam eum tenetur consectetur optio consequuntur fuga. Et assumenda ut eum distinctio nobis est. Quae laudantium dicta possimus distinctio.', 3, '2019-04-14 10:38:59', '2019-04-14 10:38:59'),
(237, 124, 'Verdie Dickinson Jr.', 'In in ipsam nulla est tenetur. Error aut officiis tenetur maiores commodi fuga dignissimos. Placeat reprehenderit cumque amet ullam voluptatum officiis possimus. Ea ad mollitia voluptas.', 5, '2019-04-14 10:38:59', '2019-04-14 10:38:59'),
(238, 150, 'Prof. Deonte Jones V', 'Est et et et sint omnis dolorem eos qui. Laudantium nihil omnis est. Illo accusantium aut cupiditate nobis.', 3, '2019-04-14 10:38:59', '2019-04-14 10:38:59'),
(239, 152, 'Mr. Cloyd Kling MD', 'Aut corrupti velit eligendi vel maiores. Deserunt nemo ea possimus. Consequatur soluta porro cum laboriosam.', 2, '2019-04-14 10:38:59', '2019-04-14 10:38:59'),
(240, 28, 'Prof. Eliezer Kassulke', 'Consequatur doloremque placeat rerum dolorum. At harum sapiente facere. Quas neque quam at exercitationem possimus.', 3, '2019-04-14 10:38:59', '2019-04-14 10:38:59'),
(241, 25, 'Dr. Merritt Kovacek', 'Atque qui vel eveniet. Ut accusamus suscipit hic quidem. Sapiente quo vel a in. Accusamus velit deleniti inventore modi. Ducimus distinctio doloribus saepe quia expedita officia magnam.', 2, '2019-04-14 10:39:00', '2019-04-14 10:39:00'),
(242, 293, 'Madonna Ebert', 'Quos reprehenderit enim neque ea. Quisquam facere sit ullam aut. Aut recusandae et corporis dicta temporibus ut libero. Assumenda magnam velit aperiam minus animi aspernatur qui.', 4, '2019-04-14 10:39:00', '2019-04-14 10:39:00'),
(243, 35, 'Duane Runte', 'Autem aut voluptatem molestiae tempora. Et corrupti voluptatum error ullam sit ut sint vero.', 5, '2019-04-14 10:39:00', '2019-04-14 10:39:00'),
(244, 289, 'Antonio Auer', 'Nemo tempora voluptatem alias consequuntur corrupti quia dolorem. Aliquid pariatur nostrum laboriosam quia. Sunt quisquam aperiam aut consequatur eum et rem.', 4, '2019-04-14 10:39:00', '2019-04-14 10:39:00'),
(245, 201, 'Prof. Eryn Buckridge DVM', 'Eum facere dignissimos in suscipit eum veritatis et. Omnis ut ut non provident omnis incidunt excepturi. Et placeat dolor nemo omnis consequatur. Sint officiis accusamus modi sit.', 3, '2019-04-14 10:39:00', '2019-04-14 10:39:00'),
(246, 316, 'Dr. Benjamin Kling III', 'Id adipisci itaque amet aliquam earum. Doloremque reprehenderit quam sequi ea hic blanditiis. Aut nostrum qui perspiciatis perspiciatis quae et praesentium.', 1, '2019-04-14 10:39:00', '2019-04-14 10:39:00'),
(247, 320, 'Stephan Okuneva', 'Quibusdam quisquam ab nostrum iste aut. Et voluptate in autem corrupti. Nemo aliquid tenetur aliquam est. Dignissimos ipsa et dolor dolor veniam.', 3, '2019-04-14 10:39:00', '2019-04-14 10:39:00'),
(248, 316, 'Prof. Aracely Paucek', 'Laboriosam eos ratione et facilis exercitationem non quia. Veritatis suscipit corrupti voluptas maiores. Accusamus sunt vitae officiis nulla. Incidunt velit voluptatibus occaecati qui.', 3, '2019-04-14 10:39:00', '2019-04-14 10:39:00'),
(249, 252, 'Mr. Stephen Hintz DVM', 'Ratione veritatis facere et dolorem quos exercitationem. Tempore aspernatur perspiciatis aut deleniti. Non velit provident eum autem et aut voluptatum.', 5, '2019-04-14 10:39:00', '2019-04-14 10:39:00'),
(250, 234, 'Vicente Botsford MD', 'Voluptatem et officiis corporis incidunt soluta. Nam ea dolorum quibusdam sint quia vel voluptatem. Eos qui placeat consequatur animi enim porro.', 4, '2019-04-14 10:39:00', '2019-04-14 10:39:00'),
(251, 294, 'Linwood Bechtelar', 'Recusandae sed exercitationem rerum impedit earum. Et voluptatem neque sed quaerat. Voluptatem repellendus iste cumque dolorem architecto. In molestiae at excepturi.', 3, '2019-04-14 10:39:00', '2019-04-14 10:39:00'),
(252, 237, 'Pietro Larson', 'Inventore quam cum et accusamus maiores. In culpa cupiditate dolor tenetur assumenda voluptatibus. Accusantium maiores ducimus reprehenderit. Ut placeat necessitatibus aut sint sed.', 3, '2019-04-14 10:39:01', '2019-04-14 10:39:01'),
(253, 244, 'Dr. Danial Connelly DDS', 'Voluptate ipsum a corrupti. Qui aperiam nihil qui error unde. Possimus repellat quas possimus tempore.', 5, '2019-04-14 10:39:01', '2019-04-14 10:39:01'),
(254, 311, 'Armando McClure Sr.', 'Illum sed et possimus. Molestiae dolor voluptas non ut placeat. Est qui ut non rerum nulla quidem commodi.', 5, '2019-04-14 10:39:01', '2019-04-14 10:39:01'),
(255, 184, 'Gaylord Ledner', 'Fugit in exercitationem eius fugit sequi quisquam illum. Omnis odio rerum nihil tenetur. Aut numquam in distinctio omnis. Et repudiandae explicabo sint.', 1, '2019-04-14 10:39:01', '2019-04-14 10:39:01'),
(256, 81, 'Robin Pagac', 'Quia sit explicabo et ea sint vitae. Doloremque et reprehenderit a consequatur a non aut. Iusto esse a modi.', 0, '2019-04-14 10:39:01', '2019-04-14 10:39:01'),
(257, 160, 'Bart Quigley', 'Ipsa rerum ut ipsa quos voluptatem. Vel porro explicabo atque sed. Eius accusamus ut quasi amet eveniet neque sit. Perspiciatis soluta id quibusdam magnam ea aut aut.', 3, '2019-04-14 10:39:01', '2019-04-14 10:39:01'),
(258, 200, 'Myrtis Mante II', 'Quia eos quo et veritatis. Doloremque ullam ea soluta. Voluptas id laboriosam officiis et quasi ut. Sunt est maxime hic omnis porro dolorum.', 1, '2019-04-14 10:39:01', '2019-04-14 10:39:01'),
(259, 285, 'Mrs. Erna Nienow', 'Sunt non ut ipsum vel dolore. Itaque dolores qui deleniti fugiat quo et excepturi. Earum aliquam cumque in aut.', 3, '2019-04-14 10:39:01', '2019-04-14 10:39:01'),
(260, 32, 'Eleanora Lowe', 'Maxime molestiae laborum porro mollitia porro sed voluptates. Magni amet libero vero hic similique ipsum accusantium. Unde quas earum ea ipsam ipsa non eaque. Sit eius dicta possimus officia non.', 4, '2019-04-14 10:39:01', '2019-04-14 10:39:01'),
(261, 66, 'Stefanie Willms II', 'Deleniti occaecati laudantium quod et asperiores autem. Deleniti eos eius vel. Odio impedit veniam atque quis magni doloremque quibusdam ratione. Sed explicabo dolor autem.', 1, '2019-04-14 10:39:01', '2019-04-14 10:39:01'),
(262, 124, 'Mr. Darien Walker DDS', 'Ut voluptas numquam doloremque aut id et. Qui est beatae vero ut aut ipsum. Dignissimos et laudantium necessitatibus aspernatur. Impedit aut culpa ea porro fugit quos. Reprehenderit fuga consequatur dolorem officia deserunt alias.', 1, '2019-04-14 10:39:01', '2019-04-14 10:39:01'),
(263, 213, 'Rylan Abbott', 'Dolorem ut quam numquam qui facilis cumque itaque. Accusantium adipisci sunt non a culpa consectetur optio. Omnis consequuntur officiis aut sit. Odio laborum odit illo voluptas et.', 5, '2019-04-14 10:39:01', '2019-04-14 10:39:01'),
(264, 168, 'Dr. Carolyne Klein', 'Sunt fugiat quas dolor quis dolorum. Fuga libero eaque vel odit numquam. Animi illo quas voluptatem neque quia est a dolorem.', 2, '2019-04-14 10:39:01', '2019-04-14 10:39:01'),
(265, 327, 'Reuben Boyle', 'Illo incidunt sed doloremque provident non voluptatem vel nisi. Odio recusandae voluptas iste sit enim odio.', 1, '2019-04-14 10:39:01', '2019-04-14 10:39:01'),
(266, 333, 'Sabina Bode I', 'Adipisci omnis ut facere. Et ut natus culpa recusandae quae. Voluptatem in quidem optio.', 2, '2019-04-14 10:39:01', '2019-04-14 10:39:01'),
(267, 345, 'Hank Predovic', 'Animi expedita saepe itaque id voluptatem alias atque et. Et qui reprehenderit eius autem. Numquam perspiciatis suscipit ut deleniti sequi voluptatem distinctio. Ratione et suscipit veritatis.', 5, '2019-04-14 10:39:02', '2019-04-14 10:39:02'),
(268, 87, 'Miss Rafaela McDermott', 'Delectus praesentium veritatis neque et quia a. Nobis eligendi ad cum maiores ea rerum. Ducimus tempora ducimus placeat et qui voluptate consequatur itaque.', 2, '2019-04-14 10:39:02', '2019-04-14 10:39:02'),
(269, 38, 'Leopold Swift', 'Debitis molestias amet quia accusamus autem ut rerum. Quia eaque reprehenderit ullam aut omnis dignissimos amet. Quidem et vero dolores unde placeat quia. Eum alias autem at quas quaerat.', 1, '2019-04-14 10:39:02', '2019-04-14 10:39:02'),
(270, 282, 'Mr. Claud Olson', 'Et molestiae accusantium laudantium omnis. Ut id quasi qui similique amet quia occaecati. Provident qui quibusdam tenetur sit. Sapiente delectus sunt velit consequuntur odio aut.', 1, '2019-04-14 10:39:02', '2019-04-14 10:39:02'),
(271, 202, 'Marianna Kunze', 'Modi quia dicta exercitationem iste sapiente. Ipsum dolores voluptatem quidem adipisci. Sed minus totam doloribus voluptate minima repellendus optio non. Eos rerum quia voluptatum ut quisquam dolor sunt nostrum.', 4, '2019-04-14 10:39:02', '2019-04-14 10:39:02'),
(272, 341, 'Johnny Effertz DDS', 'In magnam modi voluptatem sapiente atque sit illo qui. Ipsa odit accusantium sint ipsam maiores reiciendis.', 5, '2019-04-14 10:39:02', '2019-04-14 10:39:02'),
(273, 265, 'Arnulfo Koss', 'Voluptas consequatur doloribus sed iure dolor aperiam doloribus. Ipsam suscipit optio facilis odit veniam mollitia est dolorem. Corporis sunt consequatur earum molestias velit.', 4, '2019-04-14 10:39:02', '2019-04-14 10:39:02'),
(274, 239, 'Benedict Schultz', 'Tempora similique perspiciatis repudiandae. Ut expedita quam vitae molestiae. Aperiam omnis voluptate neque quia expedita architecto quas. Sit laboriosam modi soluta voluptatum.', 5, '2019-04-14 10:39:02', '2019-04-14 10:39:02'),
(275, 52, 'Manley McCullough II', 'Officiis magni reiciendis eos esse. Aliquam tempora eaque voluptatibus velit vel sit voluptatem nulla. Sint quo adipisci placeat doloribus.', 1, '2019-04-14 10:39:02', '2019-04-14 10:39:02'),
(276, 307, 'Lillie Collins', 'Eveniet optio doloremque recusandae. Ex aut voluptas in numquam quisquam id. Numquam eos minima cum ducimus. Error voluptas qui voluptatem ducimus ut totam quia. Est maiores qui laudantium cumque quasi placeat optio.', 4, '2019-04-14 10:39:02', '2019-04-14 10:39:02'),
(277, 217, 'Christop Greenfelder', 'Et est reiciendis aliquam eos. In voluptatum aut dolor exercitationem aperiam dolor aut. Quia accusantium placeat error ut eaque velit earum laboriosam. Officiis quos fugit quo tenetur dolore earum hic soluta.', 5, '2019-04-14 10:39:02', '2019-04-14 10:39:02'),
(278, 298, 'Dr. Herminia Little II', 'Libero eveniet cumque quis quia blanditiis vitae. Sint magni dolorum quia.', 0, '2019-04-14 10:39:02', '2019-04-14 10:39:02'),
(279, 34, 'Dr. Antone Crona', 'Quisquam maxime laudantium sunt expedita non. Eaque quibusdam praesentium et occaecati enim et. Autem ut tempora at odio quae et quia.', 0, '2019-04-14 10:39:02', '2019-04-14 10:39:02'),
(280, 250, 'Eino Feest', 'Temporibus autem laudantium et libero. Veritatis qui eius rerum voluptatum dolorem ut. Et dolorum consequuntur incidunt officia aut rerum ea quia.', 0, '2019-04-14 10:39:02', '2019-04-14 10:39:02'),
(281, 306, 'Mr. Sonny Ondricka DDS', 'Excepturi veniam sed ut perferendis illo ab. Qui consectetur nihil aut qui est. Ut ut voluptatem blanditiis dolores.', 3, '2019-04-14 10:39:02', '2019-04-14 10:39:02'),
(282, 21, 'Marlee Cartwright I', 'At velit distinctio possimus nemo reiciendis eligendi. Amet dolor sit dignissimos quia dolorum. Velit ea rerum libero enim a ex voluptas odio.', 2, '2019-04-14 10:39:03', '2019-04-14 10:39:03'),
(283, 187, 'Nathaniel Bartell', 'Eos incidunt dolorem blanditiis ut nihil beatae. Neque quam unde voluptatum at aut excepturi. Aut et labore quia eos.', 3, '2019-04-14 10:39:03', '2019-04-14 10:39:03'),
(284, 177, 'Theron Stracke', 'Commodi deserunt iste veniam ducimus. Id omnis culpa excepturi eos eius beatae dolorum voluptatem. Molestias eos unde numquam rem provident sit ipsam fugit. Eos labore reiciendis velit.', 5, '2019-04-14 10:39:03', '2019-04-14 10:39:03'),
(285, 17, 'Ms. Marietta Murphy IV', 'Consectetur numquam sed nobis dolores voluptatem quis. Corporis magnam optio eius aut a qui. Officia quas laboriosam vel vel placeat molestiae et architecto.', 3, '2019-04-14 10:39:03', '2019-04-14 10:39:03'),
(286, 319, 'Desiree Howell DDS', 'Iusto est id temporibus. Dolore eum rerum earum a perspiciatis qui quasi. Voluptas sed maxime molestiae nesciunt porro.', 2, '2019-04-14 10:39:03', '2019-04-14 10:39:03'),
(287, 223, 'Jamar Sauer', 'Explicabo placeat non dolorem perferendis fugiat voluptate sapiente. Qui laudantium sit alias rerum. Vel consectetur vel sunt et. Fuga et voluptatem ea aperiam corporis sequi quas. Cum odit ipsum dolores minus et eos.', 5, '2019-04-14 10:39:03', '2019-04-14 10:39:03'),
(288, 202, 'Will Cummings', 'Laborum aut illo molestiae perferendis. Consequatur id omnis et voluptatem dolorem amet ut rerum. Aut corrupti est voluptatem veniam facilis laborum praesentium. Dolore qui dicta expedita adipisci.', 0, '2019-04-14 10:39:03', '2019-04-14 10:39:03'),
(289, 162, 'Prof. Pat Howell Sr.', 'Quis aut aliquam fugit rerum esse tempora. Est veritatis placeat at reiciendis sunt fugit distinctio modi. Quos sunt qui voluptatibus et. Pariatur libero aut sit commodi aut nulla et corrupti.', 4, '2019-04-14 10:39:03', '2019-04-14 10:39:03'),
(290, 202, 'Lexus Harris', 'Officiis et nulla quos praesentium nostrum. Velit in pariatur quis autem deleniti et. Non accusantium qui at earum a deserunt velit vel.', 4, '2019-04-14 10:39:03', '2019-04-14 10:39:03'),
(291, 236, 'Ms. Kaci Stanton PhD', 'Ut eaque aut consequatur harum. Suscipit non voluptatibus velit aut suscipit velit. Tempora rem alias iusto ea. Distinctio quia animi inventore in qui. Tempore eaque possimus blanditiis aliquam.', 1, '2019-04-14 10:39:03', '2019-04-14 10:39:03'),
(292, 283, 'Keeley Denesik', 'Porro culpa iusto expedita nemo praesentium deleniti esse. Quo ut voluptatem debitis possimus modi et. Est aspernatur eaque molestiae maiores corrupti beatae. Molestiae asperiores quidem odio consectetur eos alias quis.', 4, '2019-04-14 10:39:03', '2019-04-14 10:39:03'),
(293, 303, 'Jerrod VonRueden', 'Consectetur libero rerum quas fugiat aspernatur sit. Nisi consequatur accusamus est blanditiis suscipit consequatur non aut.', 2, '2019-04-14 10:39:03', '2019-04-14 10:39:03'),
(294, 135, 'Ora Daugherty', 'Labore iure est eos ut. Numquam commodi neque vel possimus et. Sequi maxime numquam quam recusandae ipsum ipsum et. Dolorum doloremque itaque earum quibusdam tempore.', 1, '2019-04-14 10:39:03', '2019-04-14 10:39:03'),
(295, 145, 'Dr. Eileen Klein', 'Consequatur ea quo cum dolorem id. Est suscipit sed doloremque nesciunt tempora voluptatem natus. Numquam rerum veritatis reiciendis explicabo exercitationem. Non voluptate eos non ea deserunt et animi.', 5, '2019-04-14 10:39:04', '2019-04-14 10:39:04'),
(296, 94, 'Zakary Lueilwitz', 'Vel qui et voluptatem. Neque quo nisi quidem rem occaecati. Rerum eaque et nemo aut.', 5, '2019-04-14 10:39:04', '2019-04-14 10:39:04'),
(297, 190, 'Ana Hayes', 'Ad dolorem accusamus corrupti aliquam exercitationem amet nihil. Et quam dolorem itaque est iusto aliquid quae. Quo nisi repellendus eligendi et dicta. Necessitatibus tempora minima explicabo soluta.', 2, '2019-04-14 10:39:04', '2019-04-14 10:39:04'),
(298, 245, 'Prof. Dejah Raynor MD', 'Ipsa molestiae odit mollitia. Consequuntur eos dicta temporibus eum est. Sunt minus in quaerat. Tempora tempora soluta facilis illum ut.', 2, '2019-04-14 10:39:04', '2019-04-14 10:39:04'),
(299, 71, 'Margie Shields', 'Architecto quidem modi perferendis suscipit ut nihil eius. Sit facilis deleniti non omnis est. Eligendi et ut qui sed aliquam sint vel.', 1, '2019-04-14 10:39:04', '2019-04-14 10:39:04'),
(300, 256, 'Monserrat Kilback I', 'Voluptatibus explicabo rerum totam sint beatae. Molestiae aut sit sed voluptatem. Minus illo non et.', 1, '2019-04-14 10:39:04', '2019-04-14 10:39:04');

-- --------------------------------------------------------

--
-- Table structure for table `users`
--

CREATE TABLE `users` (
  `id` bigint(20) UNSIGNED NOT NULL,
  `name` varchar(191) COLLATE utf8mb4_unicode_ci NOT NULL,
  `email` varchar(191) COLLATE utf8mb4_unicode_ci NOT NULL,
  `email_verified_at` timestamp NULL DEFAULT NULL,
  `password` varchar(191) COLLATE utf8mb4_unicode_ci NOT NULL,
  `remember_token` varchar(100) COLLATE utf8mb4_unicode_ci DEFAULT NULL,
  `created_at` timestamp NULL DEFAULT NULL,
  `updated_at` timestamp NULL DEFAULT NULL
) ENGINE=InnoDB DEFAULT CHARSET=utf8mb4 COLLATE=utf8mb4_unicode_ci;

--
-- Indexes for dumped tables
--

--
-- Indexes for table `migrations`
--
ALTER TABLE `migrations`
  ADD PRIMARY KEY (`id`);

--
-- Indexes for table `password_resets`
--
ALTER TABLE `password_resets`
  ADD KEY `password_resets_email_index` (`email`);

--
-- Indexes for table `products`
--
ALTER TABLE `products`
  ADD PRIMARY KEY (`id`);

--
-- Indexes for table `reviews`
--
ALTER TABLE `reviews`
  ADD PRIMARY KEY (`id`),
  ADD KEY `reviews_product_id_index` (`product_id`);

--
-- Indexes for table `users`
--
ALTER TABLE `users`
  ADD PRIMARY KEY (`id`),
  ADD UNIQUE KEY `users_email_unique` (`email`);

--
-- AUTO_INCREMENT for dumped tables
--

--
-- AUTO_INCREMENT for table `migrations`
--
ALTER TABLE `migrations`
  MODIFY `id` int(10) UNSIGNED NOT NULL AUTO_INCREMENT, AUTO_INCREMENT=5;

--
-- AUTO_INCREMENT for table `products`
--
ALTER TABLE `products`
  MODIFY `id` int(10) UNSIGNED NOT NULL AUTO_INCREMENT, AUTO_INCREMENT=351;

--
-- AUTO_INCREMENT for table `reviews`
--
ALTER TABLE `reviews`
  MODIFY `id` int(10) UNSIGNED NOT NULL AUTO_INCREMENT, AUTO_INCREMENT=301;

--
-- AUTO_INCREMENT for table `users`
--
ALTER TABLE `users`
  MODIFY `id` bigint(20) UNSIGNED NOT NULL AUTO_INCREMENT;

--
-- Constraints for dumped tables
--

--
-- Constraints for table `reviews`
--
ALTER TABLE `reviews`
  ADD CONSTRAINT `reviews_product_id_foreign` FOREIGN KEY (`product_id`) REFERENCES `products` (`id`) ON DELETE CASCADE;
COMMIT;

/*!40101 SET CHARACTER_SET_CLIENT=@OLD_CHARACTER_SET_CLIENT */;
/*!40101 SET CHARACTER_SET_RESULTS=@OLD_CHARACTER_SET_RESULTS */;
/*!40101 SET COLLATION_CONNECTION=@OLD_COLLATION_CONNECTION */;
